<?xml version="1.0" encoding="utf-8"?>
<COLLADA xmlns="http://www.collada.org/2005/11/COLLADASchema" version="1.4.1" xmlns:xsi="http://www.w3.org/2001/XMLSchema-instance">
  <asset>
    <contributor>
      <author>Blender User</author>
      <authoring_tool>Blender 4.5.11 LTS commit date:2026-06-22, commit time:11:08, hash:4db51e9d1e1e</authoring_tool>
    </contributor>
    <created>2026-07-02T13:15:45</created>
    <modified>2026-07-02T13:15:45</modified>
    <unit name="meter" meter="1"/>
    <up_axis>Z_UP</up_axis>
  </asset>
  <library_effects>
    <effect id="Plastic010_1K_Displacement-effect">
      <profile_COMMON>
        <newparam sid="Plastic010_1K_Displacement_jpg-surface">
          <surface type="2D">
            <init_from>Plastic010_1K_Displacement_jpg</init_from>
          </surface>
        </newparam>
        <newparam sid="Plastic010_1K_Displacement_jpg-sampler">
          <sampler2D>
            <source>Plastic010_1K_Displacement_jpg-surface</source>
          </sampler2D>
        </newparam>
        <technique sid="common">
          <lambert>
            <emission>
              <color sid="emission">0 0 0 1</color>
            </emission>
            <diffuse>
              <texture texture="Plastic010_1K_Displacement_jpg-sampler" texcoord="Cylinder.001-mesh-texcoord"/>
            </diffuse>
            <index_of_refraction>
              <float sid="ior">1.5</float>
            </index_of_refraction>
          </lambert>
        </technique>
      </profile_COMMON>
    </effect>
  </library_effects>
  <library_images>
    <image id="Plastic010_1K_Displacement_jpg" name="Plastic010_1K_Displacement_jpg">
      <init_from>Plastic010_1K_Displacement.jpg</init_from>
    </image>
  </library_images>
  <library_materials>
    <material id="Plastic010_1K_Displacement-material" name="Plastic010_1K_Displacement">
      <instance_effect url="#Plastic010_1K_Displacement-effect"/>
    </material>
  </library_materials>
  <library_geometries>
    <geometry id="Cylinder_001-mesh" name="Cylinder.001">
      <mesh>
        <source id="Cylinder_001-mesh-positions">
          <float_array id="Cylinder_001-mesh-positions-array" count="1800">0.322749 0 0.814487 0 0 0.881595 0.59636 0 0.623385 0.779183 0 0.337367 0.843381 0 -4.21719e-6 0.779183 0 -0.337375 0.59636 0 -0.623393 0.322749 0 -0.814495 0 0 -0.881603 -0.322749 0 -0.814495 -0.59636 0 -0.623393 -0.779183 0 -0.337375 -0.843381 0 -4.21719e-6 -0.779183 0 0.337367 -0.59636 0 0.623385 -0.322748 0 0.814487 0.2316049 -2.56445 0.584477 0 -2.56445 0.632633 0.42795 -2.56445 0.447338 0.559144 -2.56445 0.242092 0.605213 -2.56445 -4.21719e-6 0.559144 -2.56445 -0.2421 0.42795 -2.56445 -0.447347 0.2316049 -2.56445 -0.584486 0 -2.56445 -0.632642 -0.2316049 -2.56445 -0.584486 -0.42795 -2.56445 -0.447347 -0.559144 -2.56445 -0.2421 -0.605213 -2.56445 -4.21719e-6 -0.559144 -2.56445 0.242092 -0.42795 -2.56445 0.447338 -0.2316049 -2.56445 0.584477 0.397657 -0.124427 1.00353 0 -0.124427 1.08621 0.734774 -0.124427 0.768068 0.960029 -0.124427 0.415667 1.03913 -0.124427 -4.21719e-6 0.960029 -0.124427 -0.415676 0.734774 -0.124427 -0.768077 0.397657 -0.124427 -1.00354 0 -0.124427 -1.08622 -0.397657 -0.124427 -1.00354 -0.734774 -0.124427 -0.768077 -0.960029 -0.124427 -0.415676 -1.03913 -0.124427 -4.21719e-6 -0.960029 -0.124427 0.415667 -0.734774 -0.124427 0.768068 -0.397656 -0.124427 1.00353 0.734774 -0.937767 0.768068 0.670676 -1.75111 0.701066 0.876281 -1.75111 0.379408 0.960029 -0.937767 0.415667 -0.734774 -0.937767 -0.768077 -0.670676 -1.75111 -0.701074 -0.876281 -1.75111 -0.379416 -0.960029 -0.937767 -0.415676 0.94848 -1.75111 -4.21719e-6 1.03913 -0.937767 -4.21719e-6 -0.94848 -1.75111 -4.21719e-6 -1.03913 -0.937767 -4.21719e-6 0.876281 -1.75111 -0.379416 0.960029 -0.937767 -0.415676 -0.876281 -1.75111 0.379408 -0.960029 -0.937767 0.415667 0.670676 -1.75111 -0.701074 0.734774 -0.937767 -0.768077 -0.670676 -1.75111 0.701066 -0.734774 -0.937767 0.768068 0.362968 -1.75111 -0.915995 0.397657 -0.937767 -1.00354 -0.362967 -1.75111 0.915986 -0.397656 -0.937767 1.00353 0 -1.75111 -0.991461 0 -0.937767 -1.08622 0 -0.937767 1.08621 0 -1.75111 0.991453 0.362967 -1.75111 0.915986 0.397657 -0.937767 1.00353 -0.362967 -1.75111 -0.915995 -0.397657 -0.937767 -1.00354 0 -1.21158 0.525942 0 -1.58978 1.18057 0.158638 -1.28386 0.525942 0.07798838 -1.62325 1.17323 0.27477 -1.48134 0.525942 0.13508 -1.7147 1.15319 0.317277 -1.75111 0.525942 0.155977 -1.83961 1.12581 0.27477 -2.02087 0.525942 0.13508 -1.96453 1.09843 0.158638 -2.21835 0.525942 0.07798838 -2.05598 1.07839 0 -2.29064 0.525942 0 -2.08945 1.07105 -0.158638 -2.21835 0.525942 -0.07798826 -2.05598 1.07839 -0.27477 -2.02087 0.525942 -0.13508 -1.96453 1.09843 -0.317277 -1.75111 0.525942 -0.155977 -1.83961 1.12581 -0.27477 -1.48134 0.525942 -0.13508 -1.7147 1.15319 -0.158638 -1.28386 0.525942 -0.07798838 -1.62325 1.17323 0.158638 -1.37191 1.1747 0 -1.30383 1.18962 0.27477 -1.55792 1.13393 0.317277 -1.81202 1.07824 0.27477 -2.06612 1.02255 0.158638 -2.25213 0.981778 0 -2.32021 0.966855 -0.158638 -2.25213 0.981778 -0.27477 -2.06612 1.02255 -0.317277 -1.81202 1.07824 -0.27477 -1.55792 1.13393 -0.158638 -1.37191 1.1747 0.09856885 -1.63836 1.57081 0.03063988 -1.58331 1.57081 0.141212 -1.72361 1.57081 0.147143 -1.81624 1.57081 0.114771 -1.89141 1.57081 0.05277287 -1.92899 1.57081 -0.02224069 -1.91891 1.57081 -0.09016978 -1.86386 1.57081 -0.132813 -1.7786 1.57081 -0.138743 -1.68598 1.57081 -0.106373 -1.6108 1.57081 -0.04437398 -1.57322 1.57081 -0.05450898 -1.38762 2.81227 -0.310967 -1.21867 2.81227 0.117914 -1.60851 2.81227 0.160102 -1.82215 2.81227 0.06074947 -1.97129 2.81227 -0.153521 -2.01598 2.81227 -0.425296 -1.94424 2.81227 -0.681755 -1.77529 2.81227 -0.854178 -1.55441 2.81227 -0.896366 -1.34077 2.81227 -0.797014 -1.19162 2.81227 -0.582744 -1.14693 2.81227 -0.03277277 -1.39752 23.1339 -0.105463 -1.31231 23.1339 0.005122721 -1.55711 23.1339 -0.001929759 -1.74832 23.1339 -0.05204147 -1.9199 23.1339 -0.131784 -2.02589 23.1339 -0.219792 -2.03788 23.1339 -0.292482 -1.95266 23.1339 -0.330378 -1.79307 23.1339 -0.323325 -1.60187 23.1339 -0.273214 -1.43029 23.1339 -0.193471 -1.3243 23.1339 0 -1.21009 1.13814 -0.176329 -1.28577 1.12155 -0.176329 -1.23176 0.459223 -0.30541 -1.49252 1.07624 -0.30541 -1.45126 0.459223 -0.352658 -1.77495 1.01434 -0.352658 -1.75111 0.459223 -0.30541 -2.05738 0.952433 -0.30541 -2.05096 0.459223 -0.176329 -2.26414 0.907118 -0.176329 -2.27046 0.459223 0 -2.33982 0.890531 0 -2.3508 0.459223 0.176329 -2.26414 0.907118 0.176329 -2.27046 0.459223 0.30541 -2.05738 0.952433 0.30541 -2.05096 0.459223 0.352658 -1.77495 1.01434 0.352658 -1.75111 0.459223 0.30541 -1.49252 1.07624 0.30541 -1.45126 0.459223 0.176329 -1.28577 1.12155 0.176329 -1.23176 0.459223 0 -1.15141 0.459223 -0.158638 -1.335 1.11106 -0.27477 -1.52101 1.0703 -0.317277 -1.77511 1.0146 -0.27477 -2.02921 0.958912 -0.158638 -2.21522 0.918142 0 -2.2833 0.90322 0.158638 -2.21522 0.918142 0.27477 -2.02921 0.958912 0.317277 -1.77511 1.0146 0.27477 -1.52101 1.0703 0.158638 -1.335 1.11106 0 -1.26692 1.12599 -0.118313 -1.48379 1.15018 -0.204925 -1.62251 1.11977 -0.236627 -1.81202 1.07824 -0.204925 -2.00153 1.0367 -0.118313 -2.14025 1.0063 0 -2.19103 0.995168 0.118313 -2.14025 1.0063 0.204925 -2.00153 1.0367 0.236627 -1.81202 1.07824 0.204925 -1.62251 1.11977 0.118313 -1.48379 1.15018 0 -1.43301 1.16131 0.0823484 -1.5923 12.7547 -0.135151 -2.02435 12.7547 -0.634517 -1.65449 12.7547 -0.03613889 -1.39599 12.7547 -0.2189199 -1.26061 12.7547 -0.417018 -1.22244 12.7547 0.02518385 -1.95509 12.7547 0.104794 -1.79694 12.7547 -0.516029 -1.85081 12.7547 -0.333248 -1.98618 12.7547 -0.577353 -1.29171 12.7547 -0.656963 -1.44985 12.7547 0.125593 -2.8 0.316943 0 -2.8 0.343056 0.232066 -2.8 0.242577 0.303208 -2.8 0.131277 0.32819 -2.8 -4.21719e-6 0.303208 -2.8 -0.131285 0.232066 -2.8 -0.242585 0.125593 -2.8 -0.316951 0 -2.8 -0.343064 -0.125593 -2.8 -0.316951 -0.232066 -2.8 -0.242585 -0.303208 -2.8 -0.131285 -0.32819 -2.8 -4.21719e-6 -0.303208 -2.8 0.131277 -0.232066 -2.8 0.242577 -0.125593 -2.8 0.316943 -0.223769 -1.93157 2.03869 -0.385962 -1.81958 2.03869 0.153622 -1.81919 2.03869 0.08776038 -1.93135 2.03869 -0.451693 -1.40121 2.03869 -0.313559 -1.36008 2.03869 -0.140164 -1.40099 2.03869 0.02202987 -1.51299 2.03869 -0.493496 -1.6665 2.03869 -0.05037385 -1.97249 2.03869 0.129563 -1.66606 2.03869 -0.517555 -1.51337 2.03869 0.435739 -1.21158 -0.262978 0.978088 -1.58978 -0.590292 0.35642 -1.28386 -0.406588 0.933016 -1.62325 -0.657224 0.298354 -1.48134 -0.511718 0.887865 -1.7147 -0.698885 0.277101 -1.75111 -0.550198 0.854734 -1.83961 -0.704113 0.298354 -2.02087 -0.511718 0.842499 -1.96453 -0.671507 0.35642 -2.21835 -0.406588 0.85444 -2.05598 -0.609802 0.435739 -2.29064 -0.262978 0.887356 -2.08945 -0.535534 0.515058 -2.21835 -0.119368 0.932429 -2.05598 -0.468602 0.573124 -2.02087 -0.01423788 0.977579 -1.96453 -0.42694 0.594378 -1.75111 0.0242424 1.01071 -1.83961 -0.421712 0.573124 -1.48134 -0.01423758 1.02295 -1.7147 -0.454319 0.515058 -1.28386 -0.119367 1.011 -1.62325 -0.516023 0.893905 -1.37191 -0.730966 0.985588 -1.30383 -0.594818 0.802063 -1.55792 -0.815712 0.73467 -1.81202 -0.826346 0.709783 -2.06612 -0.76002 0.734072 -2.25213 -0.634506 0.801029 -2.32021 -0.483434 0.892711 -2.25213 -0.347285 0.984553 -2.06612 -0.26254 1.05195 -1.81202 -0.251906 1.07683 -1.55792 -0.318232 1.05254 -1.37191 -0.443746 1.25212 -1.63836 -0.874645 1.28608 -1.58331 -0.813151 1.23079 -1.72361 -0.913248 1.22783 -1.81624 -0.918617 1.24401 -1.89141 -0.889313 1.27501 -1.92899 -0.833188 1.31252 -1.91891 -0.76528 1.34648 -1.86386 -0.703786 1.36781 -1.7786 -0.665183 1.37077 -1.68598 -0.659814 1.35459 -1.6108 -0.689118 1.32359 -1.57322 -0.745243 2.35718 -1.38762 -1.3568 2.48541 -1.21867 -1.12463 2.27097 -1.60851 -1.51289 2.24988 -1.82214 -1.55108 2.29955 -1.97129 -1.46114 2.40669 -2.01598 -1.26716 2.54258 -1.94424 -1.02114 2.6708 -1.77529 -0.788972 2.75702 -1.55441 -0.632883 2.77811 -1.34077 -0.594691 2.72843 -1.19162 -0.684631 2.6213 -1.14693 -0.878603 19.1825 -1.39752 -11.5373 19.2189 -1.3123 -11.4715 19.1636 -1.55711 -11.5716 19.1671 -1.74831 -11.5652 19.1921 -1.91989 -11.5199 19.232 -2.02588 -11.4477 19.276 -2.03787 -11.368 19.3124 -1.95266 -11.3022 19.3313 -1.79307 -11.2679 19.3278 -1.60187 -11.2743 19.3027 -1.43028 -11.3196 19.2629 -1.3243 -11.3918 0.942936 -1.21009 -0.569077 1.01736 -1.28577 -0.401158 0.468628 -1.23176 -0.06999319 1.04436 -1.49252 -0.261647 0.533168 -1.45126 0.04685997 1.01669 -1.77495 -0.187925 0.556792 -1.75111 0.08963119 0.941785 -2.05738 -0.1997449 0.533168 -2.05095 0.04685968 0.839701 -2.26414 -0.293941 0.468628 -2.27046 -0.06999349 0.737795 -2.33982 -0.445272 0.380463 -2.3508 -0.229618 0.663373 -2.26414 -0.61319 0.292299 -2.27046 -0.389243 0.636375 -2.05738 -0.752701 0.227758 -2.05095 -0.506096 0.664037 -1.77495 -0.826424 0.204134 -1.75111 -0.548867 0.738945 -1.49252 -0.814604 0.227758 -1.45126 -0.506096 0.841029 -1.28577 -0.720408 0.292299 -1.23176 -0.389243 0.380463 -1.15141 -0.229618 0.999823 -1.335 -0.411928 1.02411 -1.52101 -0.286414 0.999226 -1.77511 -0.220088 0.931832 -2.0292 -0.230723 0.83999 -2.21522 -0.315468 0.748308 -2.2833 -0.451616 0.681352 -2.21522 -0.602688 0.657063 -2.0292 -0.728202 0.681949 -1.77511 -0.794529 0.749342 -1.52101 -0.783894 0.841185 -1.335 -0.699149 0.932867 -1.26692 -0.563 1.01207 -1.48379 -0.467991 1.03018 -1.62251 -0.374382 1.01162 -1.81202 -0.324915 0.961359 -2.00153 -0.332847 0.892863 -2.14025 -0.39605 0.824485 -2.19103 -0.497591 0.774549 -2.14025 -0.61026 0.756435 -2.00153 -0.70387 0.774995 -1.81202 -0.753336 0.825257 -1.62251 -0.745405 0.893754 -1.48379 -0.682202 0.962131 -1.43301 -0.580661 10.5259 -1.5923 -6.45193 10.6347 -2.02435 -6.25503 10.8844 -1.65449 -5.80297 10.5852 -1.39599 -6.34466 10.6766 -1.26061 -6.1792 10.7756 -1.22244 -5.99987 10.5545 -1.95508 -6.40018 10.5147 -1.79694 -6.47225 10.8251 -1.8508 -5.91024 10.7337 -1.98618 -6.0757 10.8558 -1.29171 -5.85472 10.8956 -1.44985 -5.78265 1.80091 -1.93157 -0.816782 1.88201 -1.81958 -0.669953 1.61222 -1.81919 -1.15842 1.64515 -1.93135 -1.0988 1.91487 -1.40121 -0.610449 1.84581 -1.36008 -0.735497 1.75911 -1.40099 -0.892466 1.67801 -1.51299 -1.03929 1.93578 -1.6665 -0.572607 1.71422 -1.97249 -0.97375 1.62425 -1.66606 -1.13664 1.94781 -1.51337 -0.550827 -0.435739 -1.21158 -0.262977 -0.978088 -1.58978 -0.590291 -0.515058 -1.28386 -0.119367 -1.011 -1.62325 -0.516023 -0.573124 -1.48134 -0.01423746 -1.02295 -1.7147 -0.454318 -0.594378 -1.75111 0.02424246 -1.01071 -1.83961 -0.421712 -0.573124 -2.02087 -0.01423758 -0.977579 -1.96453 -0.42694 -0.515058 -2.21835 -0.119368 -0.932429 -2.05598 -0.468601 -0.435739 -2.29064 -0.262977 -0.887356 -2.08945 -0.535534 -0.35642 -2.21835 -0.406587 -0.85444 -2.05598 -0.609802 -0.298354 -2.02087 -0.511718 -0.8425 -1.96453 -0.671506 -0.277101 -1.75111 -0.550198 -0.854734 -1.83961 -0.704113 -0.298354 -1.48134 -0.511718 -0.887865 -1.7147 -0.698885 -0.35642 -1.28386 -0.406588 -0.933016 -1.62325 -0.657223 -1.05254 -1.37191 -0.443746 -0.985588 -1.30383 -0.594818 -1.07683 -1.55792 -0.318231 -1.05195 -1.81202 -0.251905 -0.984553 -2.06612 -0.26254 -0.892711 -2.25213 -0.347285 -0.801029 -2.32021 -0.483434 -0.734073 -2.25213 -0.634505 -0.709784 -2.06612 -0.76002 -0.73467 -1.81202 -0.826346 -0.802064 -1.55792 -0.815711 -0.893906 -1.37191 -0.730966 -1.35068 -1.63836 -0.696182 -1.31672 -1.58331 -0.757676 -1.37201 -1.72361 -0.657579 -1.37497 -1.81624 -0.65221 -1.35879 -1.89141 -0.681515 -1.32779 -1.92899 -0.73764 -1.29028 -1.91891 -0.805547 -1.25632 -1.86386 -0.867041 -1.23499 -1.7786 -0.905645 -1.23203 -1.68598 -0.911013 -1.24821 -1.6108 -0.881709 -1.27921 -1.57322 -0.825584 -2.30267 -1.38762 -1.45549 -2.17444 -1.21867 -1.68765 -2.38889 -1.60851 -1.2994 -2.40998 -1.82214 -1.26121 -2.3603 -1.97129 -1.35115 -2.25317 -2.01598 -1.54512 -2.11728 -1.94424 -1.79115 -1.98905 -1.77529 -2.02331 -1.90284 -1.55441 -2.1794 -1.88174 -1.34077 -2.21759 -1.93142 -1.19162 -2.12765 -2.03856 -1.14693 -1.93368 -19.1497 -1.39752 -11.5966 -19.1134 -1.3123 -11.6624 -19.1687 -1.55711 -11.5623 -19.1652 -1.74831 -11.5687 -19.1401 -1.91989 -11.6141 -19.1002 -2.02588 -11.6863 -19.0562 -2.03787 -11.7659 -19.0199 -1.95266 -11.8317 -19.0009 -1.79307 -11.8661 -19.0045 -1.60187 -11.8597 -19.0295 -1.43028 -11.8143 -19.0694 -1.3243 -11.7421 -0.942936 -1.21009 -0.569076 -0.841029 -1.28577 -0.720408 -0.292299 -1.23176 -0.389243 -0.738945 -1.49252 -0.814603 -0.227758 -1.45126 -0.506096 -0.664037 -1.77495 -0.826423 -0.204134 -1.75111 -0.548867 -0.636375 -2.05738 -0.752701 -0.227758 -2.05095 -0.506096 -0.663373 -2.26414 -0.61319 -0.292299 -2.27046 -0.389242 -0.737795 -2.33982 -0.445272 -0.380463 -2.3508 -0.229618 -0.839702 -2.26414 -0.293941 -0.468628 -2.27046 -0.06999325 -0.941786 -2.05738 -0.1997449 -0.533168 -2.05095 0.04685997 -1.01669 -1.77495 -0.187925 -0.556792 -1.75111 0.08963137 -1.04436 -1.49252 -0.261647 -0.533168 -1.45126 0.04686009 -1.01736 -1.28577 -0.401158 -0.468628 -1.23176 -0.06999319 -0.380463 -1.15141 -0.229618 -0.841185 -1.335 -0.699149 -0.749342 -1.52101 -0.783894 -0.681949 -1.77511 -0.794528 -0.657063 -2.0292 -0.728202 -0.681352 -2.21522 -0.602688 -0.748308 -2.2833 -0.451616 -0.83999 -2.21522 -0.315468 -0.931833 -2.0292 -0.230722 -0.999226 -1.77511 -0.220088 -1.02411 -1.52101 -0.286414 -0.999823 -1.335 -0.411928 -0.932867 -1.26692 -0.563 -0.893754 -1.48379 -0.682202 -0.825257 -1.62251 -0.745405 -0.774995 -1.81202 -0.753336 -0.756435 -2.00153 -0.70387 -0.774549 -2.14025 -0.61026 -0.824486 -2.19103 -0.49759 -0.892863 -2.14025 -0.39605 -0.961359 -2.00153 -0.332846 -1.01162 -1.81202 -0.324915 -1.03018 -1.62251 -0.374382 -1.01207 -1.48379 -0.467991 -0.962131 -1.43301 -0.580661 -10.6083 -1.5923 -6.30283 -10.4995 -2.02435 -6.49973 -10.2499 -1.65449 -6.95179 -10.5491 -1.39599 -6.4101 -10.4577 -1.26061 -6.57556 -10.3586 -1.22244 -6.75489 -10.5797 -1.95508 -6.35458 -10.6195 -1.79694 -6.28251 -10.3091 -1.8508 -6.84452 -10.4005 -1.98618 -6.67906 -10.2784 -1.29171 -6.90004 -10.2386 -1.44985 -6.97211 -1.57714 -1.93157 -1.22192 -1.49605 -1.81958 -1.36875 -1.76584 -1.81919 -0.880282 -1.73291 -1.93135 -0.939905 -1.46318 -1.40121 -1.42825 -1.53225 -1.36008 -1.30321 -1.61895 -1.40099 -1.14624 -1.70004 -1.51299 -0.999408 -1.44228 -1.6665 -1.4661 -1.66384 -1.97249 -1.06495 -1.75381 -1.66606 -0.902062 -1.43025 -1.51337 -1.48788 -0.54575 -1.50053 16.2145 -0.434538 -1.5512 19.6742 -0.29543 -2.00342 16.2145 -0.257611 -2.02065 19.6742 0.0692197 -1.78073 16.2145 0.03364497 -1.76453 19.6742 -0.181101 -1.27785 16.2145 -0.1432819 -1.29508 19.6742 0.03086465 -1.56884 19.6742 0.05660647 -1.58057 16.2145 -0.132907 -2.02537 19.6742 -0.134029 -2.02486 16.2145 -0.03389489 -1.39701 19.6742 -0.03501677 -1.3965 16.2145 -0.267986 -1.29035 19.6742 -0.342502 -1.2564 16.2145 -0.02629959 -1.93163 19.6742 -5.57895e-4 -1.94336 16.2145 -0.366998 -1.91871 19.6742 -0.441513 -1.88476 16.2145 -0.374593 -1.3841 19.6742 -0.475973 -1.3379 16.2145 -0.431757 -1.74688 19.6742 -0.533137 -1.70069 16.2145 13.7063 -1.50052 -7.6132 16.5171 -1.55119 -9.44374 13.5812 -2.00341 -7.8398 16.4286 -2.02064 -9.6039 13.3988 -1.78073 -8.16991 16.283 -1.76452 -9.86757 13.524 -1.27784 -7.9433 16.3714 -1.29507 -9.7074 16.2844 -1.56884 -9.86505 13.4052 -1.58057 -8.158491 16.3662 -2.02537 -9.716791 13.5005 -2.02486 -7.98591 16.3167 -1.39701 -9.80643 13.451 -1.3965 -8.075551 16.4338 -1.29034 -9.594511 13.6047 -1.25639 -7.79719 16.3129 -1.93162 -9.813301 13.4337 -1.94335 -8.10674 16.4833 -1.91871 -9.50488 13.6542 -1.88475 -7.70756 16.4871 -1.38409 -9.498001 13.6714 -1.3379 -7.67636 16.5157 -1.74688 -9.44625 13.7 -1.70068 -7.62461 -13.1606 -1.50052 -8.601301 -16.0825 -1.55119 -10.2305 -13.2857 -2.00341 -8.374691 -16.171 -2.02064 -10.0703 -13.4681 -1.78073 -8.04458 -16.3166 -1.76452 -9.806651 -13.3429 -1.27784 -8.27119 -16.2281 -1.29507 -9.96682 -16.3152 -1.56884 -9.80917 -13.4618 -1.58057 -8.056001 -16.2333 -2.02537 -9.95743 -13.3664 -2.02486 -8.22857 -16.2828 -1.39701 -9.867791 -13.4159 -1.3965 -8.13894 -16.1658 -1.29034 -10.0797 -13.2622 -1.25639 -8.417301 -16.2866 -1.93162 -9.86092 -13.4332 -1.94335 -8.10775 -16.1163 -1.9187 -10.1693 -13.2127 -1.88475 -8.50693 -16.1125 -1.38409 -10.1762 -13.1955 -1.3379 -8.53813 -16.0839 -1.74687 -10.228 -13.1669 -1.70068 -8.58988</float_array>
          <technique_common>
            <accessor source="#Cylinder_001-mesh-positions-array" count="600" stride="3">
              <param name="X" type="float"/>
              <param name="Y" type="float"/>
              <param name="Z" type="float"/>
            </accessor>
          </technique_common>
        </source>
        <source id="Cylinder_001-mesh-normals">
          <float_array id="Cylinder_001-mesh-normals-array" count="10269">0.679951 -0.5755486 0.4543244 0.6799612 -0.57555 0.4543073 0.6799519 -0.5755487 0.4543229 -0.08860754 -0.8908687 -0.4455354 -0.08860367 -0.8908686 -0.4455363 -0.08863359 -0.890869 -0.4455296 -0.6799511 -0.5755485 -0.4543241 -0.6799622 -0.5755501 -0.4543057 -0.6799528 -0.5755488 -0.4543213 0.80205 -0.5755594 0.1595216 0.8020486 -0.5755591 0.1595295 0.8020469 -0.5755589 0.1595393 -0.80205 -0.5755594 -0.1595219 -0.8020486 -0.5755591 -0.1595298 -0.8020469 -0.5755589 -0.1595395 0.8020461 -0.5755589 -0.1595427 0.8020491 -0.5755594 -0.1595262 0.8020465 -0.575559 -0.1595414 -0.8020461 -0.5755591 0.1595425 -0.8020491 -0.5755597 0.1595259 -0.8020463 -0.5755592 0.1595411 0.6799473 -0.5755476 -0.454331 0.6799521 -0.5755482 -0.4543231 0.679956 -0.5755488 -0.4543164 -0.6799471 -0.5755481 0.4543308 -0.6799519 -0.5755487 0.4543228 -0.6799558 -0.5755493 0.4543161 0.4543337 -0.5755476 -0.6799455 0.4543367 -0.5755478 -0.6799434 0.4543284 -0.575547 -0.6799495 -0.4543313 -0.5755474 0.6799472 -0.4543343 -0.5755476 0.6799451 -0.4543506 -0.5755491 0.679933 0.1595584 -0.5755627 -0.8020403 0.1595349 -0.5755619 -0.8020455 0.1595306 -0.5755618 -0.8020466 0.1595256 -0.5755641 0.802046 0.159516 -0.5755638 0.802048 0.1595505 -0.5755649 0.8020404 -0.1595582 -0.5755636 0.8020398 -0.1595348 -0.5755628 0.802045 -0.1595304 -0.5755627 0.802046 -0.1595236 -0.5755639 -0.8020464 -0.1595139 -0.5755636 -0.8020486 -0.1595485 -0.5755648 -0.8020409 0.4543264 -0.5755478 0.6799502 0.4543333 -0.5755485 0.6799451 0.4543258 -0.5755477 0.6799507 -0.4543263 -0.5755471 -0.6799508 -0.4543333 -0.5755479 -0.6799457 -0.4543259 -0.575547 -0.6799513 0 1 0 0.06947201 0.9344202 0.3493316 0.06947571 0.9344202 0.3493308 0.06948196 0.9344203 0.3493294 0.1978867 0.9344132 0.2961637 0.1978847 0.9344131 0.2961652 0.1978928 0.9344134 0.2961592 0.2961614 0.9344196 0.1978599 0.2961554 0.9344194 0.1978699 0.2961535 0.9344193 0.1978731 0.3493295 0.9344194 0.06949341 0.3493345 0.9344196 0.06946521 0.3493283 0.9344194 0.06949985 0.3493354 0.9344173 -0.06949347 0.3493404 0.9344175 -0.06946557 0.3493363 0.9344173 -0.06948798 0.2961465 0.9344196 -0.1978823 0.2961603 0.9344201 -0.1978591 0.2961553 0.9344199 -0.1978675 0.1978955 0.9344177 -0.2961435 0.1978959 0.9344177 -0.2961431 0.1978787 0.9344173 -0.296156 0.06949687 0.9344196 -0.3493283 0.06948906 0.9344196 -0.34933 0.06950068 0.9344197 -0.3493274 -0.06947165 0.9344216 -0.349328 -0.06947559 0.9344217 -0.349327 -0.06948161 0.9344217 -0.3493257 -0.1978866 0.9344139 -0.2961615 -0.1978844 0.9344139 -0.2961632 -0.197893 0.9344141 -0.2961567 -0.2961603 0.9344201 -0.1978591 -0.2961546 0.9344199 -0.1978686 -0.2961524 0.9344198 -0.1978722 -0.3493295 0.9344195 -0.06949317 -0.3493345 0.9344197 -0.06946492 -0.3493283 0.9344193 -0.06949973 -0.3493357 0.9344171 0.06949347 -0.3493406 0.9344173 0.06946635 -0.3493366 0.9344172 0.06948822 -0.2961472 0.934419 0.1978834 -0.2961612 0.9344196 0.19786 -0.296156 0.9344194 0.1978687 -0.1978971 0.9344165 0.2961463 -0.1978968 0.9344165 0.2961466 -0.19788 0.9344161 0.2961591 -0.06949764 0.934418 0.3493323 -0.06948977 0.934418 0.349334 -0.06950169 0.9344182 0.3493314 -0.5555552 -3.12924e-7 -0.8314797 -0.5555552 -1.57598e-6 -0.8314797 -0.5555552 0 -0.8314797 -0.5462067 -0.1827501 -0.8174721 -0.5462107 -0.1827515 -0.8174692 -0.5462082 -0.1827507 -0.817471 0.5555537 -3.0268e-7 0.8314807 0.5555538 -1.56613e-6 0.8314807 0.5555538 0 0.8314807 0.5462051 -0.1827492 0.8174735 0.546209 -0.1827505 0.8174706 0.5462066 -0.1827497 0.8174723 -0.1951086 0 -0.9807817 -0.1951086 2.63433e-7 -0.9807817 -0.1951086 0 -0.9807817 -0.1918108 -0.1827319 -0.9642705 -0.1918066 -0.1827315 -0.9642716 -0.1918095 -0.1827318 -0.9642709 -0.1951094 -2.96626e-7 0.9807815 -0.1951094 -6.0007e-7 0.9807815 -0.1951094 -4.12207e-7 0.9807815 -0.1917936 -0.1827293 0.9642745 -0.1918035 -0.1827305 0.9642723 -0.191798 -0.1827298 0.9642736 0.1951086 0 0.9807817 0.1951086 2.63433e-7 0.9807817 0.1951086 0 0.9807817 0.1918109 -0.1827309 0.9642707 0.1918066 -0.1827304 0.9642717 0.1918095 -0.1827307 0.964271 0.1951093 -2.97092e-7 -0.9807816 0.1951093 -5.96984e-7 -0.9807816 0.1951093 -4.12207e-7 -0.9807816 0.1918034 -0.1827332 -0.9642719 0.191801 -0.1827329 -0.9642724 0.1918053 -0.1827334 -0.9642714 -0.5555922 -6.82659e-7 0.831455 -0.5555922 5.24928e-7 0.831455 -0.5555922 -9.8466e-7 0.831455 -0.546226 -0.1827079 0.8174688 -0.5462293 -0.1827091 0.8174661 -0.5462303 -0.1827094 0.8174656 0.5555553 -6.85453e-7 -0.8314797 0.5555552 5.23686e-7 -0.8314797 0.5555552 -9.8695e-7 -0.8314797 0.5462291 -0.1827088 -0.8174665 0.5462233 -0.1827068 -0.8174707 0.5462332 -0.1827102 -0.8174633 -0.8314834 -6.38887e-7 0.5555496 -0.8314834 -1.40767e-6 0.5555496 -0.8314834 -9.68633e-7 0.5555496 -0.8174789 -0.1827208 0.5462064 -0.8174803 -0.1827215 0.546204 -0.8174785 -0.1827206 0.546207 0.8314833 -6.38887e-7 -0.5555498 0.8314833 -1.40767e-6 -0.5555498 0.8314833 -9.68633e-7 -0.5555498 0.8174788 -0.1827215 -0.5462062 0.8174802 -0.1827222 -0.5462039 0.8174784 -0.1827213 -0.546207 -0.9807868 -2.52388e-7 0.1950828 -0.9807868 -2.1885e-7 0.1950828 -0.9807868 -2.78273e-6 0.1950828 -0.9642695 -0.1827358 0.1918122 -0.9642723 -0.1827375 0.1917965 -0.9642705 -0.1827363 0.1918068 0.9807869 -2.5169e-7 -0.1950826 0.9807869 -2.17861e-7 -0.1950826 0.9807869 -3.96178e-7 -0.1950826 0.9642695 -0.1827359 -0.1918123 0.9642723 -0.1827376 -0.1917967 0.9642705 -0.1827365 -0.191807 -0.9807869 6.20959e-7 -0.1950826 -0.9807869 6.5655e-7 -0.1950826 -0.9807869 0 -0.1950826 -0.9642691 -0.1827384 -0.1918126 -0.9642709 -0.1827396 -0.1918022 -0.9642707 -0.1827394 -0.1918033 0.9807868 6.23055e-7 0.1950828 0.9807868 6.60505e-7 0.1950829 0.9807868 0 0.1950829 0.9642689 -0.1827384 0.1918128 0.9642708 -0.1827396 0.1918024 0.9642706 -0.1827394 0.1918035 -0.8314833 1.93715e-6 -0.5555498 -0.8314833 6.28701e-7 -0.5555498 -0.8314833 0 -0.5555498 -0.8174787 -0.182721 -0.5462065 -0.8174795 -0.1827214 -0.5462054 -0.8174801 -0.1827217 -0.5462043 0.8314833 1.93715e-6 0.5555498 0.8314833 6.28701e-7 0.5555498 0.8314833 0 0.5555498 0.8174784 -0.1827201 0.5462074 0.8174796 -0.1827208 0.5462053 0.8174803 -0.1827211 0.5462043 0.2588337 0.909803 0.3244438 0.2588448 0.9098031 0.3244344 0.2588642 0.909804 0.3244168 0.7071385 0.6660002 0.2374845 0.7071379 0.666 0.2374873 0.7071389 0.6660001 0.2374839 0.96593 0.2437686 0.08692598 0.9659295 0.2437685 0.08693164 0.9659305 0.2437688 0.08692091 0.965929 -0.2437745 -0.08692073 0.965929 -0.2437745 -0.0869196 0.9659289 -0.2437744 -0.0869221 0.7071433 -0.6659981 -0.2374759 0.7071321 -0.6659966 -0.2375138 0.7071394 -0.6659977 -0.2374891 0.2588393 -0.9097998 -0.3244482 0.2588516 -0.9098002 -0.3244373 0.2588486 -0.9098 -0.3244401 -0.2588472 -0.9098001 -0.3244411 -0.2588586 -0.9098004 -0.324431 -0.2588547 -0.9098002 -0.3244346 -0.7071416 -0.6659981 -0.2374814 -0.7071361 -0.6659975 -0.2374995 -0.7071349 -0.6659972 -0.2375038 -0.965929 -0.2437742 -0.08692055 -0.9659286 -0.243774 -0.08692646 -0.9659293 -0.2437742 -0.08691847 -0.9659306 0.243769 0.08691805 -0.9659309 0.2437691 0.08691424 -0.9659302 0.2437688 0.08692455 -0.4214276 -0.8842685 0.2011669 -0.4214133 -0.8842676 0.2012005 -0.4214201 -0.8842681 0.2011843 -0.7061777 0.6658582 0.2407202 -0.7071354 0.6659998 0.237495 -0.7071405 0.6660003 0.2374786 -0.2588272 0.9098034 0.3244478 -0.2588398 0.9098037 0.3244369 -0.2588506 0.9098042 0.3244268 1.34022e-7 0 -1 7.08178e-6 -0.3358334 0.9419215 1.13367e-5 -0.3358335 0.9419214 2.69338e-6 -0.3358335 0.9419214 -1.08629e-5 -0.3358176 0.9419271 -9.71183e-6 -0.3358175 0.9419271 -1.00583e-6 -0.3358174 0.9419271 -1.03973e-5 -0.3357923 0.9419361 1.75983e-5 -0.3357923 0.9419361 5.89527e-6 -0.3357921 0.9419362 1.22488e-5 -0.3358284 0.9419232 -4.21931e-6 -0.3358284 0.9419232 1.37836e-7 -0.3358284 0.9419232 -1.13286e-5 -0.3358053 0.9419315 -7.72625e-6 -0.3358054 0.9419315 2.43634e-6 -0.3358054 0.9419314 5.20051e-6 -0.3358162 0.9419276 -2.27988e-6 -0.3358161 0.9419277 1.14143e-5 -0.3358162 0.9419276 3.1814e-6 -0.3358094 0.94193 1.56299e-5 -0.3358095 0.94193 9.0003e-6 -0.3358094 0.94193 9.72673e-6 -0.3358184 0.9419268 3.51667e-6 -0.3358186 0.9419268 -2.84612e-6 -0.3358185 0.9419267 -1.02259e-6 -0.3358141 0.9419284 4.39584e-6 -0.3358141 0.9419284 2.57045e-6 -0.3358142 0.9419283 2.60212e-6 -0.335801 0.941933 -6.74278e-7 -0.3358011 0.941933 8.1288e-6 -0.3358011 0.941933 -1.01011e-5 -0.3358314 0.9419221 1.15484e-6 -0.3358314 0.9419221 2.77907e-6 -0.3358314 0.9419222 8.86247e-6 -0.3357977 0.9419342 0 -0.3357979 0.9419341 7.37608e-6 -0.3357977 0.9419342 -0.3590514 -0.9267055 -0.1109008 -0.3590462 -0.9267054 -0.1109189 -0.359059 -0.926706 -0.1108725 0.9524733 -0.2962356 0.0709865 0.9524731 -0.2962356 0.07099026 0.9524739 -0.2962359 0.07097762 -0.3354884 0.9410557 -0.04314923 -0.3354865 0.9410557 -0.0431649 -0.3354883 0.9410558 -0.04314959 0.4302446 0.9027097 -0.002199232 0.4302446 0.9027097 -0.002208828 0.4302447 0.9027098 -0.002185106 -0.7521413 -0.6396436 0.1585551 -0.7521423 -0.6396438 0.1585499 -0.7521446 -0.6396441 0.1585375 0.649941 -0.7444613 0.1528206 0.649948 -0.7444621 0.1527873 0.6499446 -0.7444617 0.1528031 0.07880085 0.9967518 -0.01662564 0.07879978 0.9967517 -0.01663136 0.07879978 0.9967518 -0.01663148 0.6855087 0.7280638 -9.84736e-4 0.6855086 0.7280639 -9.72535e-4 0.6855087 0.7280638 -9.42595e-4 -0.9921456 -0.1080116 0.06309366 -0.9921459 -0.108012 0.06308668 -0.9921459 -0.108012 0.06308704 0.2214558 -0.9522754 0.210069 0.2214402 -0.952275 0.2100873 0.221448 -0.9522752 0.2100781 0.9628367 0.2698499 0.01126015 0.9628366 0.2698499 0.01126408 0.9628364 0.2698498 0.01127707 -0.8064267 0.5904481 -0.03236162 -0.8063591 0.5904285 -0.03434044 -0.8064266 0.590448 -0.03236418 -0.8952022 0.4445751 0.03108417 -0.8951937 0.4445728 0.03135836 -0.8952022 0.444575 0.03108114 0.6618351 -0.7496494 3.82889e-4 0.6618351 -0.7496494 4.20303e-4 0.6618351 -0.7496494 3.37139e-4 -0.1681407 0.9600234 -0.2237938 -0.1681554 0.9600238 -0.2237815 -0.1681495 0.9600237 -0.2237865 0.375749 0.9251857 -0.05333071 0.3757527 0.9251859 -0.05330145 0.3757494 0.9251858 -0.05332648 -0.5874285 -0.7796798 -0.2168573 -0.587432 -0.7796803 -0.2168467 -0.5874383 -0.7796807 -0.2168276 0.1217502 -0.9924094 -0.01734149 0.121751 -0.9924093 -0.01733517 0.1217511 -0.9924093 -0.01733386 0.1366247 0.9843712 -0.111118 0.1366267 0.9843711 -0.1111152 0.1366271 0.9843712 -0.1111147 0.6417083 0.7665427 -0.02495795 0.6417072 0.7665426 -0.0249893 0.6417083 0.7665427 -0.02495759 -0.8672071 -0.2911757 -0.4039413 -0.8672041 -0.2911745 -0.4039489 -0.8672007 -0.2911733 -0.4039569 -0.153212 -0.9868425 -0.05165266 -0.1532096 -0.9868425 -0.05166083 -0.1532118 -0.9868425 -0.05165314 0.9660849 0.2581053 -0.007860064 0.9660849 0.2581053 -0.007849335 0.9660866 0.2581058 -0.007638514 -0.645829 0.6448485 -0.4087485 -0.6458302 0.6448485 -0.4087465 -0.6458254 0.6448481 -0.4087551 -4.40598e-6 0 1 -0.4806245 -0.8769091 0.005539298 -0.4806248 -0.876909 0.005516886 -0.4806112 -0.8769036 0.007273793 0.8956198 -0.4447506 0.007892727 0.8956192 -0.4447504 0.007966279 0.8956198 -0.4447506 0.007892668 -0.6157293 0.7877378 0.01862174 -0.6157295 0.7877377 0.01861578 -0.6157294 0.7877377 0.01861929 0.5676046 0.8233013 -1.36508e-4 0.5676047 0.8233013 -1.35309e-4 0.5676047 0.8233013 -1.08827e-4 -0.8417597 -0.5394299 0.02135682 -0.8417598 -0.5394299 0.02135771 -0.8417409 -0.5394247 0.02220964 0.6158539 -0.7878605 -2.66206e-4 0.6158538 -0.7878605 -3.37827e-4 0.6158539 -0.7878604 -2.6268e-4 -0.0799058 0.9967946 0.003968179 -0.07990586 0.9967946 0.003967106 -0.07990574 0.9967946 0.003969371 0.8419352 0.5395513 0.005436778 0.8419352 0.5395513 0.005440056 0.8419341 0.539551 0.005640566 -0.9991527 -0.02411663 0.03335177 -0.9991527 -0.02411669 0.03335112 -0.9991527 -0.02411663 0.03335154 -0.02230018 -0.9997475 -0.002807557 -0.0223 -0.9997475 -0.002809047 -0.02230018 -0.9997475 -0.002807855 0.999651 0.02416402 0.01067537 0.999651 0.02416402 0.01067578 0.999651 0.02416402 0.01067548 -0.007686913 -0.3338534 0.9425936 -0.007688462 -0.3338531 0.9425938 -0.007701992 -0.3338536 0.9425936 -0.2281799 -0.8515152 -0.472076 -0.228182 -0.8515155 -0.4720746 -0.2281956 -0.8515157 -0.4720676 -0.002073764 -0.3430653 0.9393094 -0.002048015 -0.3430652 0.9393095 -0.00206393 -0.3430651 0.9393094 0.9659362 -0.2587724 -0.002081811 0.9659361 -0.2587724 -0.002072453 0.9659361 -0.2587723 -0.0020805 -0.7068279 0.7067889 0.02904683 -0.7068269 0.7067888 0.02907466 -0.7068274 0.7067889 0.02906262 0.7068274 0.7067889 0.02906471 0.7068266 0.7067888 0.02908343 0.7068278 0.706789 0.02905201 0.9659151 0.2587691 0.00683248 0.9659151 0.2587691 0.006832361 0.9659163 0.2587695 0.006647288 -0.851543 -0.2281662 -0.4720326 -0.8515444 -0.2281668 -0.4720297 -0.8515438 -0.2281665 -0.472031 0.00205183 -0.3285654 0.9444791 0.002059757 -0.3285655 0.944479 0.002256751 -0.3285655 0.9444785 0.2588091 -0.96581 0.01513135 0.2588092 -0.96581 0.01513189 0.2588087 -0.96581 0.0151382 0.8515433 -0.2281686 -0.4720311 0.8515439 -0.2281689 -0.4720296 0.8515448 -0.2281693 -0.472028 0.8515473 0.2281723 -0.472022 0.8515464 0.2281718 -0.4720237 0.8515452 0.2281714 -0.472026 -0.8515547 0.2281252 -0.4720314 -0.8515552 0.2281255 -0.4720303 -0.8515574 0.2281264 -0.4720259 0.005628287 -0.3410993 0.9400104 0.005626201 -0.3410992 0.9400105 0.00562644 -0.3410993 0.9400104 0.6233977 0.6233322 -0.4720513 0.623398 0.623332 -0.4720511 0.6234033 0.6233327 -0.4720433 -0.2588093 -0.96581 0.01512765 -0.2588095 -0.9658101 0.01512426 -0.2588086 -0.96581 0.01514017 -0.9659151 0.2587691 0.006833314 -0.9659151 0.2587691 0.006834089 -0.9659151 0.2587691 0.006837725 0.7071335 -0.7070535 0.006129622 0.7071334 -0.7070535 0.006150066 0.7071335 -0.7070534 0.006145656 -0.9659361 -0.2587723 -0.002071678 -0.9659363 -0.2587724 -0.002014636 -0.9659361 -0.2587723 -0.002082049 -0.00768876 -0.3377608 0.9412006 -0.007695853 -0.3377608 0.9412006 -0.007696092 -0.337761 0.9412006 -0.6233926 0.6233305 -0.4720603 -0.6234015 0.6233317 -0.4720469 -0.6233889 0.6233301 -0.4720656 0.007689356 -0.3377503 0.9412044 0.007674098 -0.3377503 0.9412045 0.007688701 -0.3377506 0.9412043 0.2281976 -0.8515295 -0.4720419 0.2282041 -0.8515294 -0.4720386 0.2281885 -0.851529 -0.4720472 0.6233908 -0.6233413 -0.4720482 0.6233915 -0.6233415 -0.4720474 0.6233905 -0.6233412 -0.4720489 -0.1364035 -0.7649172 0.6295202 -0.1364318 -0.7649171 0.6295143 -0.1364178 -0.7649171 0.6295173 -0.258551 0.9647862 0.04836249 -0.2585486 0.9647862 0.04837679 -0.2585507 0.9647863 0.04836404 -0.005618751 -0.3304828 0.9437953 -0.005642175 -0.3304828 0.9437952 -0.005635797 -0.3304828 0.9437952 -0.005615711 -0.3411175 0.940004 -0.005642712 -0.3411174 0.9400039 -0.005626976 -0.3411175 0.9400039 0.2282038 0.8515196 -0.4720566 0.2281877 0.8515194 -0.4720647 0.2282066 0.8515195 -0.4720554 0.2585495 0.9647863 0.04837048 0.2585521 0.9647863 0.04835504 0.2585476 0.9647862 0.04838222 0.005637168 -0.3305076 0.9437865 0.005644977 -0.3305075 0.9437866 0.005633413 -0.3305075 0.9437866 -0.2281974 0.8515087 -0.4720792 -0.2282028 0.8515091 -0.4720761 -0.2282088 0.8515092 -0.4720731 0.002064228 -0.3430365 0.9393199 0.002069413 -0.3430365 0.9393198 0.002058863 -0.3430365 0.9393199 -0.7071334 -0.7070535 0.006150007 -0.707128 -0.7070517 0.006923675 -0.7071334 -0.7070535 0.006149113 -0.002053081 -0.3285337 0.94449 -0.00205183 -0.3285339 0.94449 -0.002066254 -0.3285339 0.94449 -0.6233868 -0.6233412 -0.4720537 -0.623405 -0.6233432 -0.4720271 -0.6233887 -0.6233414 -0.4720509 -0.9477628 -0.3182366 0.02170854 -0.9477626 -0.3182365 0.02171784 -0.947771 -0.3182389 0.02131384 0.5091351 -0.4138624 0.7546519 0.509141 -0.4138631 0.7546476 0.5091361 -0.4138622 0.7546512 -0.3727133 0.0656377 0.9256223 -0.3727137 0.06563794 0.9256221 -0.3727146 0.06563854 0.9256216 0.007693529 -0.333871 0.9425875 0.007698893 -0.3338708 0.9425874 0.007700145 -0.333871 0.9425874 -0.3727103 -0.636441 0.6753 -0.3727183 -0.6364417 0.6752948 -0.3727176 -0.6364418 0.6752951 0.372724 -0.636432 0.6753008 0.3727276 -0.6364323 0.6752986 0.3727304 -0.6364326 0.6752968 0.3727207 0.06563127 0.9256197 0.3727178 0.06562942 0.925621 0.3727197 0.06563061 0.9256203 0.1364147 0.1941477 0.9714411 0.1364285 0.194149 0.9714389 0.1364232 0.1941486 0.9714397 -0.5091348 -0.4138484 0.7546598 -0.5091413 -0.4138493 0.754655 -0.5091398 -0.4138491 0.754656 0.1364165 -0.7649315 0.6295001 0.1364262 -0.764932 0.6294974 0.1364238 -0.7649316 0.6294984 0.5091301 -0.1568934 0.8462689 0.5091291 -0.1568931 0.8462695 0.5091321 -0.1568942 0.8462676 -0.5091282 -0.1569033 0.8462682 -0.5091211 -0.1569005 0.846273 -0.5091277 -0.156903 0.8462686 0.9479832 0.3182809 0.005018532 0.9479832 0.3182809 0.00501126 0.9479836 0.3182811 0.004924893 0.2462384 -0.9692088 -9.75528e-4 0.2462373 -0.9692084 -0.00148648 0.2462384 -0.9692088 -9.86111e-4 -0.2462452 0.9691675 0.008822083 -0.2462453 0.9691675 0.008817553 -0.2462454 0.9691674 0.00881648 -0.1534011 -0.9881635 -0.001082241 -0.1534011 -0.9881635 -0.001076757 -0.153399 -0.9881629 -0.001706361 -0.136422 0.1941198 0.9714457 -0.1364358 0.1941207 0.9714435 -0.1364242 0.1941198 0.9714453 0.1125988 0.9936395 0.001493096 0.1125988 0.9936394 0.001486003 0.1125988 0.9936395 0.001487731 0.3993439 0.9168012 -3.11977e-4 0.3993439 0.9168012 -3.0312e-4 0.3993439 0.9168013 -2.82522e-4 -0.3612694 -0.9324595 0.001955449 -0.3612694 -0.9324595 0.001947641 -0.3612667 -0.9324585 0.002763032 -0.7595269 0.6501176 0.02158933 -0.7594808 0.6501034 0.02354937 -0.7595275 0.6501177 0.02156484 0.6017482 0.7986845 0.001464247 0.6017482 0.7986845 0.001440644 0.6017476 0.7986844 0.001754403 -0.6017039 -0.7986689 0.008975327 -0.601704 -0.7986689 0.00896418 -0.6016833 -0.7986613 0.01083689 0.7596845 -0.6502825 0.003505229 0.7596833 -0.6502822 0.003813683 0.7596845 -0.6502825 0.003502488 0 -1 0 0.2523441 -0.8908798 0.3776979 0.2523617 -0.8908805 0.3776847 0.2523591 -0.8908804 0.3776866 -0.2523435 -0.8908805 -0.3776967 -0.252361 -0.8908811 -0.3776835 -0.2523584 -0.8908811 -0.3776853 0.3776953 -0.890879 0.252351 0.3776957 -0.890879 0.2523503 0.3776897 -0.8908786 0.2523607 -0.3776952 -0.890879 -0.2523511 -0.3776956 -0.890879 -0.2523502 -0.3776895 -0.8908787 -0.2523608 0.4454981 -0.8908873 0.08860808 0.4454985 -0.8908873 0.08860564 0.4454973 -0.8908873 0.08861255 -0.4454978 -0.8908873 -0.08860844 -0.4454982 -0.8908874 -0.08860582 -0.445497 -0.8908873 -0.08861279 0.4454946 -0.8908875 -0.08862304 0.4454991 -0.8908878 -0.08859777 0.4454992 -0.8908878 -0.08859735 -0.4454946 -0.8908875 0.08862262 -0.4454991 -0.8908878 0.08859741 -0.4454991 -0.8908878 0.08859711 0.377683 -0.890878 -0.2523728 0.3776909 -0.8908784 -0.2523598 0.3776879 -0.8908782 -0.2523651 -0.3776828 -0.8908777 0.2523743 -0.3776905 -0.8908781 0.2523615 -0.3777055 -0.8908786 0.2523369 0.2523669 -0.8908819 -0.3776777 0.2523816 -0.8908824 -0.3776668 0.2523629 -0.8908817 -0.3776808 -0.2523673 -0.8908813 0.377679 -0.252382 -0.8908817 0.3776679 -0.2523634 -0.8908812 0.3776819 0.08863598 -0.89087 -0.445527 0.08862811 -0.8908701 -0.4455286 0.08863121 -0.89087 -0.445528 0.08859854 -0.8908897 0.4454951 0.08859455 -0.8908896 0.4454962 0.08862447 -0.89089 0.4454894 -0.08862608 -0.8908911 0.4454869 -0.08861833 -0.8908911 0.4454885 -0.08862131 -0.8908911 0.4454879 -0.6346195 0.464639 -0.6175506 -0.6346227 0.4646392 -0.6175472 -0.6346043 0.4646366 -0.6175681 0.9940303 0.1082062 -0.01397341 0.9940304 0.1082063 -0.01397109 0.9940377 0.1082104 -0.0134018 -0.1370335 -0.9874801 -0.07813411 -0.137031 -0.9874801 -0.07813912 -0.1370342 -0.9874801 -0.07813262 -0.7695133 -0.2055932 -0.6046327 -0.7695159 -0.2055945 -0.6046289 -0.7695112 -0.2055923 -0.6046358 0.7614501 0.6475674 -0.02915865 0.7614501 0.6475674 -0.02916085 0.7613663 0.6475418 -0.03179705 0.07716602 0.9758542 -0.2043383 0.07716774 0.9758542 -0.2043373 0.07715529 0.975854 -0.2043427 0.1724999 -0.9848708 -0.01653438 0.172499 -0.9848708 -0.01654332 0.1724993 -0.9848708 -0.01653969 -0.5950902 -0.7108728 -0.3748701 -0.5950953 -0.7108733 -0.3748612 -0.5950997 -0.7108736 -0.3748536 0.4290366 0.9001743 -0.07492506 0.4290376 0.9001744 -0.07491844 0.4290356 0.9001743 -0.07493275 -0.3043894 0.853862 -0.4222165 -0.3043885 0.8538619 -0.4222174 -0.3043913 0.853862 -0.4222154 0.7076544 -0.7065365 0.005616903 0.7076497 -0.7065351 0.006346642 0.7076542 -0.7065366 0.005632042 -0.3693339 -0.9094232 -0.1911593 -0.3693335 -0.9094233 -0.19116 -0.369334 -0.9094232 -0.1911589 0.151543 0.9098087 -0.3863714 0.1515431 0.9098086 -0.3863716 0.151526 0.9098083 -0.386379 -0.1478781 0.6660208 -0.7311283 -0.1478951 0.6660212 -0.7311243 -0.1478815 0.6660209 -0.7311274 -0.4076961 0.2437562 -0.8799811 -0.407698 0.2437567 -0.8799802 -0.4076992 0.2437569 -0.8799796 -0.558257 -0.2437657 -0.7930495 -0.5582571 -0.2437657 -0.7930495 -0.5582541 -0.2437649 -0.7930518 -0.559229 -0.6659981 -0.4936695 -0.5592543 -0.6660004 -0.4936377 -0.559248 -0.6660001 -0.4936454 -0.4104084 -0.9097948 -0.06195515 -0.4104104 -0.9097948 -0.06194204 -0.4104074 -0.9097945 -0.06196594 -0.1515482 -0.9098095 0.3863677 -0.1515268 -0.9098089 0.3863773 -0.1515374 -0.909809 0.3863729 0.1478972 -0.666004 0.7311397 0.1478942 -0.666004 0.7311403 0.1478882 -0.6660037 0.7311418 0.4076972 -0.2437631 0.8799787 0.407688 -0.2437613 0.8799835 0.4076907 -0.2437618 0.8799821 0.5582427 0.2437826 0.7930543 0.5582392 0.2437816 0.793057 0.5582433 0.2437828 0.7930538 0.384977 -0.8842512 0.2643719 0.3849775 -0.8842512 0.2643713 0.3849751 -0.8842511 0.264375 0.5592238 0.6660208 0.4936448 0.5592284 0.6660213 0.4936388 0.559227 0.6660209 0.4936408 0.4104105 0.909795 0.06193882 0.4104106 0.9097948 0.06194031 0.4104068 0.9097946 0.06196928 -0.866021 1.29454e-6 0.5000076 -0.8660211 1.1753e-6 0.5000076 -0.8660211 -1.3439e-6 0.5000076 0.8157378 -0.3358013 -0.4709666 0.8157429 -0.3358028 -0.4709565 0.8157364 -0.335801 -0.4709692 0.8157435 -0.335789 -0.4709655 0.8157426 -0.3357886 -0.4709673 0.815746 -0.3357897 -0.4709605 0.8157427 -0.3357979 -0.4709603 0.8157402 -0.335797 -0.4709655 0.8157444 -0.3357983 -0.4709571 0.8157364 -0.335794 -0.4709742 0.8157469 -0.335797 -0.4709539 0.8157459 -0.3357967 -0.4709558 0.8157328 -0.3358154 -0.4709652 0.8157369 -0.3358166 -0.470957 0.8157315 -0.3358151 -0.4709676 0.8157261 -0.3358322 -0.4709647 0.8157293 -0.335833 -0.4709584 0.8157292 -0.3358331 -0.4709587 0.8157469 -0.3357982 -0.470953 0.8157421 -0.3357968 -0.4709622 0.8157489 -0.3357987 -0.4709491 0.8157462 -0.3357962 -0.4709554 0.8157433 -0.3357956 -0.4709609 0.8157433 -0.3357954 -0.470961 0.8157318 -0.3358357 -0.4709523 0.8157264 -0.335834 -0.4709628 0.8157272 -0.3358343 -0.4709611 0.8157463 -0.3357954 -0.4709559 0.8157455 -0.3357954 -0.4709572 0.8157457 -0.3357953 -0.4709571 0.8157329 -0.3358179 -0.4709631 0.8157343 -0.3358184 -0.4709603 0.8157349 -0.3358187 -0.4709591 0.8157275 -0.3358308 -0.4709631 0.8157216 -0.3358291 -0.4709745 0.8157332 -0.3358322 -0.4709523 0.0834859 -0.926707 0.3663936 0.08347129 -0.9267068 0.3663974 0.08348238 -0.9267069 0.3663945 -0.4147585 -0.2962284 -0.8603629 -0.4147677 -0.2962298 -0.8603578 -0.4147624 -0.296229 -0.8603608 0.1303544 0.9410586 0.3121161 0.1303687 0.9410588 0.3121094 0.1303763 0.9410591 0.3121057 -0.2170374 0.9027094 -0.3714976 -0.2170282 0.9027091 -0.3715038 -0.2170155 0.9027087 -0.3715121 0.5133916 -0.6396331 0.5721002 0.513405 -0.6396341 0.572087 0.5133867 -0.6396326 0.5721051 -0.1926323 -0.7444432 -0.6392943 -0.1926354 -0.7444433 -0.6392932 -0.1926349 -0.7444432 -0.6392934 -0.05379611 0.9967521 -0.05992776 -0.05379658 0.9967521 -0.05992722 -0.05379819 0.9967521 -0.05992567 -0.3435841 0.7280673 -0.5931847 -0.3436052 0.7280687 -0.5931707 -0.3435907 0.7280678 -0.5931801 0.5507157 -0.1080101 0.8276752 0.5507156 -0.1080101 0.8276751 0.5507182 -0.1080116 0.8276733 0.07122427 -0.9522661 -0.2968443 0.07121413 -0.952266 -0.2968471 0.07119387 -0.9522657 -0.2968528 -0.4716647 0.2698403 -0.8394753 -0.4716607 0.2698393 -0.8394778 -0.4716742 0.2698422 -0.8394694 0.3751882 0.5904595 0.7145568 0.3751941 0.5904597 0.7145536 0.375177 0.5904583 0.7145637 0.4745267 0.4445621 0.7597296 0.4745157 0.4445608 0.7597372 0.4745261 0.4445618 0.7597302 -0.3305962 -0.7496387 -0.5733655 -0.3306292 -0.7496403 -0.5733445 -0.3306068 -0.7496392 -0.5733587 -0.1097438 0.9600212 0.2575183 -0.1097474 0.9600213 0.2575166 -0.1097397 0.9600211 0.2575204 -0.2340711 0.9251864 -0.2987323 -0.23406 0.925186 -0.2987421 -0.2340592 0.925186 -0.2987429 0.1059049 -0.7796878 0.6171475 0.1059184 -0.7796882 0.6171448 0.1059417 -0.7796885 0.6171404 -0.07587927 -0.9924112 -0.09675997 -0.07588577 -0.9924113 -0.09675425 -0.07587623 -0.9924111 -0.09676259 -0.1645187 0.9843759 -0.06275218 -0.16452 0.9843758 -0.06274873 -0.1645189 0.9843758 -0.06275159 -0.3424658 0.7665444 -0.5432559 -0.3424705 0.7665448 -0.5432524 -0.3424714 0.7665446 -0.5432519 0.08376252 -0.2911611 0.9530001 0.08377003 -0.2911613 0.9529994 0.083772 -0.2911614 0.9529991 0.03186982 -0.9868425 0.158513 0.03186142 -0.9868425 0.1585149 0.0318638 -0.9868425 0.1585144 -0.4898427 0.2581053 -0.832728 -0.4898428 0.2581052 -0.832728 -0.4898491 0.2581067 -0.8327238 -0.03107297 0.6448373 0.763688 -0.03106766 0.6448374 0.7636882 -0.03109818 0.6448376 0.7636868 0.8660367 -1.21014e-7 -0.4999806 0.8660368 -1.6829e-6 -0.4999804 0.8660368 -6.67758e-7 -0.4999802 0.2451055 -0.8769113 0.413461 0.2451245 -0.8769116 0.4134489 0.2450996 -0.8769108 0.4134654 -0.4409876 -0.444756 -0.7795652 -0.4409833 -0.4447554 -0.7795681 -0.4409832 -0.4447558 -0.7795678 0.3240299 0.7877141 0.5239382 0.3240128 0.7877137 0.5239495 0.3239866 0.787742 0.523923 -0.2839106 0.8232885 -0.491519 -0.2839077 0.8232882 -0.4915212 -0.2839289 0.8232892 -0.4915071 0.4393774 -0.5394365 0.7183007 0.4393875 -0.5394371 0.7182941 0.4393746 -0.5394353 0.7183033 -0.3081572 -0.7878624 -0.5332091 -0.3081862 -0.7878631 -0.5331913 -0.3081864 -0.7878639 -0.5331901 0.04338651 0.9967952 0.06720799 0.04338496 0.9967952 0.06720912 0.0433852 0.9967952 0.06720906 -0.4162859 0.5395453 -0.7318449 -0.416292 0.5395457 -0.7318412 -0.4162754 0.5395439 -0.731852 0.5284777 -0.02413421 0.8486041 0.5284781 -0.02413541 0.8486039 0.5284783 -0.02413594 0.8486038 0.008718848 -0.9997474 0.02071636 0.008718073 -0.9997474 0.02071672 0.008718669 -0.9997474 0.02071642 -0.4905996 0.02415716 -0.8710502 -0.4905993 0.02415651 -0.8710504 -0.4905997 0.02415704 -0.8710503 0.8201544 -0.3338762 -0.4646219 0.8201514 -0.3338756 -0.4646278 0.8201535 -0.3338762 -0.4646236 -0.2947363 -0.8515187 0.4336432 -0.2947363 -0.8515186 0.4336434 -0.2947345 -0.8515187 0.4336446 0.8145048 -0.3430717 -0.4678503 0.8144956 -0.343069 -0.4678682 0.8144955 -0.343069 -0.4678685 -0.4847673 -0.2588037 -0.8354768 -0.4847654 -0.2588033 -0.835478 -0.4847606 -0.2588022 -0.8354812 0.378579 0.7067602 0.5976353 0.378606 0.706762 0.5976161 0.3786116 0.7067623 0.5976123 -0.3282586 0.7067805 -0.6266639 -0.3282586 0.7067806 -0.6266638 -0.3282609 0.7067806 -0.6266625 -0.4770469 0.2587926 -0.8399124 -0.4770409 0.2587913 -0.8399162 -0.4770435 0.2587919 -0.8399145 0.01698434 -0.2281426 0.9734796 0.01698446 -0.2281427 0.9734796 0.01698404 -0.2281426 0.9734796 0.8169124 -0.3285589 -0.474029 0.8169127 -0.3285588 -0.4740285 0.8169182 -0.3285605 -0.4740178 -0.116307 -0.9658074 -0.2317087 -0.1163054 -0.9658074 -0.2317095 -0.1163069 -0.9658074 -0.2317085 -0.8345692 -0.2281453 -0.501442 -0.8345745 -0.2281475 -0.5014321 -0.8345695 -0.2281454 -0.5014414 -0.834568 0.2281489 -0.5014423 -0.8345683 0.2281491 -0.5014418 -0.834572 0.2281506 -0.5014349 0.01697874 0.2281478 0.9734786 0.01698178 0.2281478 0.9734784 0.01697272 0.2281478 0.9734786 0.8112607 -0.3410968 -0.4748781 0.8112612 -0.3410971 -0.4748768 0.8112591 -0.3410965 -0.474881 -0.7204994 0.6233453 -0.3038441 -0.7204976 0.6233452 -0.3038487 -0.7204993 0.6233454 -0.3038443 0.1425127 -0.9658092 0.2165707 0.1425 -0.9658089 0.2165802 0.1425026 -0.9658089 0.2165782 0.4888858 0.2587953 0.8330761 0.4888821 0.2587944 0.8330786 0.4888795 0.2587938 0.8330802 -0.3482633 -0.7070481 -0.6154637 -0.3482834 -0.7070492 -0.6154513 -0.3482586 -0.707048 -0.6154667 0.4811799 -0.2588018 0.8375485 0.4811768 -0.2588011 0.8375506 0.4811789 -0.2588016 0.8375493 0.8189612 -0.3377411 -0.4639328 0.8189547 -0.3377394 -0.4639455 0.8189591 -0.3377406 -0.4639369 -0.09709995 0.6233454 0.7758945 -0.0971167 0.6233457 0.7758921 -0.09710365 0.6233454 0.7758939 0.8112724 -0.337726 -0.4772612 0.811268 -0.337725 -0.4772694 0.8112741 -0.3377267 -0.4772579 -0.5228976 -0.8515295 0.03841537 -0.5228964 -0.8515293 0.0384351 -0.5228982 -0.8515295 0.03840547 -0.720494 -0.6233443 -0.3038591 -0.7204973 -0.6233448 -0.3038503 -0.7205007 -0.623345 -0.3038417 0.6133769 -0.7649285 -0.1966044 0.6133779 -0.7649288 -0.1966006 0.6133776 -0.7649294 -0.1965991 0.1711861 0.9647803 0.1997358 0.1711778 0.9647801 0.1997438 0.1711778 0.9647802 0.1997439 0.8201665 -0.3304846 -0.4670192 0.8201649 -0.3304843 -0.4670222 0.8201699 -0.3304857 -0.4670126 0.8168874 -0.3410897 -0.4651375 0.8168982 -0.3410928 -0.4651162 0.81689 -0.3410905 -0.4651324 -0.5229133 0.8515208 0.03839528 -0.5229107 0.8515204 0.03843635 -0.5229129 0.8515207 0.03840237 -0.08739686 0.9647839 -0.2481005 -0.08738952 0.9647838 -0.2481034 -0.08739525 0.9647839 -0.2481012 0.8145298 -0.330507 -0.4767667 0.8145297 -0.3305068 -0.476767 0.8145279 -0.3305065 -0.4767702 -0.2947258 0.8515228 0.4336425 -0.2947173 0.8515225 0.4336488 -0.2947235 0.8515227 0.4336442 0.8124359 -0.3430676 -0.4714367 0.8124346 -0.3430671 -0.4714393 0.8124315 -0.3430665 -0.4714451 0.3588871 -0.7070584 0.6093181 0.3588694 -0.7070573 0.6093298 0.3588927 -0.7070587 0.6093144 0.8189745 -0.3285803 -0.4704422 0.8189693 -0.3285792 -0.4704521 0.8189661 -0.3285782 -0.4704583 -0.09709787 -0.6233205 0.7759146 -0.09710949 -0.6233206 0.7759131 -0.09711956 -0.6233207 0.7759118 0.4926815 -0.3182578 0.809924 0.4926766 -0.3182566 0.8099275 0.4926896 -0.3182589 0.8099188 0.3989747 -0.4138731 -0.8182471 0.3989977 -0.4138759 -0.8182345 0.3989821 -0.4138741 -0.8182429 0.987967 0.06565415 -0.1400387 0.9879665 0.06565326 -0.1400425 0.9879665 0.06565326 -0.1400428 0.8124616 -0.3338537 -0.4779623 0.8124675 -0.3338553 -0.4779511 0.8124664 -0.3338552 -0.477953 0.7711822 -0.6364406 -0.0148828 0.7711825 -0.6364406 -0.01487052 0.7711827 -0.6364405 -0.01486098 0.3984604 -0.6364248 -0.660449 0.3984701 -0.6364255 -0.6604425 0.3984599 -0.6364247 -0.6604494 0.6152708 0.06563949 -0.7855783 0.6152725 0.06564134 -0.7855769 0.6152716 0.06564044 -0.7855776 0.7730808 0.1941419 -0.6038669 0.7730854 0.194144 -0.6038602 0.7730823 0.1941426 -0.6038646 0.9081049 -0.413885 0.06359791 0.9081056 -0.4138851 0.06358975 0.9081054 -0.413885 0.06358999 0.476952 -0.7649328 -0.4328909 0.4769457 -0.7649325 -0.4328985 0.4769459 -0.7649325 -0.4328985 0.4783415 -0.1568822 -0.8640472 0.4783352 -0.15688 -0.8640511 0.4783412 -0.1568822 -0.8640472 0.9874575 -0.1568816 0.01778066 0.9874573 -0.1568815 0.01778495 0.9874575 -0.1568816 0.01777887 -0.4696459 0.3183136 -0.8234739 -0.4696443 0.3183134 -0.823475 -0.4696459 0.3183137 -0.8234738 -0.1239832 -0.9692074 -0.2127564 -0.1239629 -0.9692071 -0.2127696 -0.1239682 -0.9692071 -0.2127662 0.1307643 0.9691689 0.2088358 0.1307562 0.9691688 0.2088417 0.1307643 0.9691689 0.208836 0.07578748 -0.9881598 0.133404 0.07577455 -0.9881596 0.1334121 0.07577711 -0.9881596 0.1334105 0.9095017 0.1941497 -0.3675767 0.9095019 0.1941497 -0.3675761 0.9095016 0.1941496 -0.3675768 -0.05502188 0.9936383 -0.09826189 -0.05501407 0.9936384 -0.09826678 -0.05501532 0.9936384 -0.09826606 -0.1999344 0.9167941 -0.345709 -0.1999391 0.9167943 -0.3457061 -0.199948 0.9167944 -0.3457005 0.1823323 -0.932458 0.3118928 0.182315 -0.9324576 0.3119041 0.1823182 -0.9324577 0.3119022 0.3984598 0.6501364 0.6469564 0.3984398 0.650135 0.64697 0.3984399 0.6501348 0.6469703 -0.2996205 0.7986937 -0.5218392 -0.2996217 0.7986936 -0.5218385 -0.2996224 0.7986935 -0.5218383 0.3086316 -0.7986454 0.5166354 0.3086398 -0.7986459 0.5166298 0.308641 -0.7986459 0.516629 -0.376847 -0.6502594 -0.6596583 -0.3768288 -0.6502584 -0.6596697 -0.3768362 -0.6502587 -0.6596652 -0.2175244 0.4646436 0.8583645 -0.2175193 0.4646433 0.8583658 -0.2175319 0.464644 0.8583624 -0.5091219 0.1082139 -0.8538647 -0.5091202 0.1082129 -0.8538658 -0.509122 0.1082139 -0.8538646 8.49474e-4 -0.9874773 0.1577591 8.44974e-4 -0.9874773 0.1577592 8.52321e-4 -0.9874773 0.1577591 -0.1388789 -0.205588 0.9687344 -0.1388731 -0.2055875 0.9687353 -0.1388726 -0.2055875 0.9687354 -0.4059626 0.6475876 -0.6448447 -0.4059664 0.6475879 -0.6448421 -0.4059669 0.647588 -0.6448417 -0.2155395 0.9758558 0.03533047 -0.2155379 0.9758558 0.0353406 -0.2155369 0.9758557 0.03534775 -0.1005808 -0.9848687 -0.141129 -0.1005882 -0.9848688 -0.1411232 -0.1005834 -0.9848687 -0.1411269 -0.02709573 -0.7108511 0.7028205 -0.02707123 -0.710851 0.7028215 -0.02706146 -0.7108509 0.702822 -0.2793902 0.9001876 -0.334071 -0.2793979 0.900188 -0.3340636 -0.2794002 0.900188 -0.3340614 -0.2134516 0.8538749 0.4746958 -0.2134331 0.8538742 0.4747055 -0.2134198 0.8538737 0.4747122 -0.3489598 -0.7065504 -0.6156408 -0.3489549 -0.7065503 -0.6156438 -0.348964 -0.7065508 -0.615638 0.01913666 -0.9094204 0.4154376 0.01910781 -0.9094203 0.4154391 0.01912075 -0.9094204 0.4154384 -0.4103873 0.9098034 0.06196933 -0.4103896 0.9098036 0.06195116 -0.4103904 0.9098037 0.06194496 -0.5592576 0.6659985 0.4936366 -0.5592517 0.6659981 0.4936438 -0.5592424 0.665997 0.4936558 -0.558255 0.2437418 0.7930582 -0.5582568 0.2437424 0.7930567 -0.5582516 0.243741 0.793061 -0.4076967 -0.2437589 0.87998 -0.407703 -0.2437602 0.8799769 -0.4076949 -0.2437586 0.8799811 -0.1479175 -0.6659979 0.7311411 -0.1479076 -0.6659979 0.7311431 -0.1478999 -0.6659971 0.7311454 0.1515421 -0.9098112 0.386366 0.151524 -0.9098109 0.3863738 0.151541 -0.9098111 0.3863664 0.4104107 -0.9097949 -0.06193751 0.4104078 -0.9097949 -0.06195777 0.4104074 -0.9097949 -0.06196135 0.5592274 -0.6660009 -0.4936675 0.5592377 -0.6660019 -0.4936544 0.5592444 -0.6660028 -0.4936456 0.5582509 -0.2437646 -0.7930542 0.5582534 -0.2437654 -0.793052 0.5582542 -0.2437657 -0.7930514 0.4077005 0.2437537 -0.8799799 0.4076939 0.2437524 -0.8799832 0.4077003 0.2437537 -0.87998 0.03646969 -0.8842646 -0.4655603 0.03646737 -0.8842646 -0.4655603 0.03647965 -0.8842646 -0.4655592 0.1478903 0.6660175 -0.7311288 0.1478971 0.6660176 -0.7311273 0.1479072 0.666018 -0.7311249 -0.1515369 0.9098095 -0.386372 -0.1515476 0.9098098 -0.386367 -0.1515278 0.9098094 -0.386376 0.8660199 -1.37463e-6 0.5000097 0.8660199 -1.41686e-6 0.5000097 0.8660199 1.42399e-6 0.5000097 -0.8157377 -0.3358055 -0.4709637 -0.8157406 -0.3358064 -0.470958 -0.8157383 -0.3358057 -0.4709623 -0.815737 -0.3358079 -0.470963 -0.8157342 -0.3358072 -0.4709684 -0.8157342 -0.3358072 -0.4709684 -0.8157317 -0.3358245 -0.4709606 -0.8157325 -0.3358247 -0.470959 -0.815734 -0.3358253 -0.4709559 -0.8157463 -0.3357919 -0.4709585 -0.8157482 -0.3357923 -0.4709548 -0.8157426 -0.3357908 -0.4709657 -0.8157431 -0.3358076 -0.4709528 -0.8157425 -0.3358073 -0.4709538 -0.8157379 -0.335806 -0.4709629 -0.815743 -0.3357944 -0.4709624 -0.8157434 -0.3357945 -0.4709616 -0.8157452 -0.3357949 -0.4709582 -0.8157411 -0.3358007 -0.4709612 -0.8157482 -0.3358027 -0.4709473 -0.8157427 -0.3358011 -0.4709579 -0.8157331 -0.3358353 -0.4709505 -0.8157224 -0.3358321 -0.4709711 -0.8157291 -0.3358342 -0.4709582 -0.8151506 -0.3356223 -0.4721093 -0.8157468 -0.3357991 -0.4709524 -0.815748 -0.3357995 -0.4709499 -0.8157484 -0.3358016 -0.4709479 -0.8157411 -0.3357995 -0.470962 -0.8157438 -0.3358003 -0.4709568 -0.8157396 -0.3358145 -0.4709539 -0.8157384 -0.3358142 -0.4709562 -0.8157378 -0.3358139 -0.4709574 -0.8157244 -0.3358309 -0.4709686 -0.8157333 -0.3358336 -0.4709513 -0.8157237 -0.3358308 -0.4709697 0.2755426 -0.9267141 -0.2554945 0.2755553 -0.9267144 -0.2554792 0.2755402 -0.926714 -0.2554975 -0.5377293 -0.2962261 0.7893651 -0.5377266 -0.2962256 0.7893671 -0.5377223 -0.2962245 0.7893705 0.2050938 0.9410656 -0.2689465 0.2051129 0.941066 -0.2689303 0.2050885 0.9410654 -0.268951 -0.2132038 0.9027108 0.3737075 -0.2132282 0.9027114 0.3736922 -0.2132298 0.9027116 0.373691 0.238762 -0.639669 -0.7306274 0.2387638 -0.639669 -0.7306267 0.2387699 -0.6396692 -0.7306246 -0.4573208 -0.7444483 0.4864716 -0.4573137 -0.7444476 0.4864793 -0.4573234 -0.7444484 0.4864689 -0.02500563 0.9967512 0.07656222 -0.02499628 0.9967512 0.0765655 -0.02499711 0.9967512 0.07656532 -0.3419122 0.7280696 0.5941471 -0.3419242 0.7280703 0.5941394 -0.3419367 0.728071 0.5941313 0.4414334 -0.1080313 -0.890767 0.4414327 -0.108031 -0.8907675 0.4414371 -0.1080331 -0.890765 -0.2926927 -0.9522633 0.08674985 -0.2926541 -0.9522781 0.08671879 -0.2926459 -0.9522778 0.08674943 -0.4911717 0.2698619 0.8282059 -0.4911765 0.269863 0.8282028 -0.4911763 0.2698628 0.8282028 0.4312419 0.5904701 -0.6821843 0.4312337 0.5904698 -0.68219 0.4312284 0.5904692 -0.6821938 0.4207152 0.4445412 -0.7908108 0.4207141 0.4445408 -0.7908118 0.4207155 0.4445415 -0.7908107 -0.3312423 -0.7496411 0.5729894 -0.3312433 -0.7496412 0.5729886 -0.3312245 -0.7496404 0.5730005 0.2778748 0.9600256 -0.03371286 0.277875 0.9600256 -0.03371196 0.2778741 0.9600256 -0.0337215 -0.1417019 0.9251854 0.3520692 -0.1417137 0.9251856 0.3520639 -0.1416977 0.9251853 0.3520711 0.4815084 -0.7796885 -0.4002943 0.4815173 -0.779689 -0.4002826 0.4814981 -0.7796877 -0.4003083 -0.0458495 -0.9924122 0.1140881 -0.04584574 -0.992412 0.1140899 -0.04584944 -0.9924122 0.1140882 0.02792626 0.9843713 0.173878 0.02792984 0.9843712 0.1738773 0.02791148 0.9843796 0.1738327 -0.2992332 0.766538 0.5682245 -0.2992298 0.766538 0.5682264 -0.2992323 0.7665379 0.5682252 0.7834402 -0.291161 -0.5490418 0.7834478 -0.2911633 -0.5490297 0.783441 -0.2911611 -0.5490406 0.1213322 -0.9868448 -0.1068456 0.1213357 -0.9868448 -0.1068412 0.1213343 -0.9868448 -0.1068431 -0.4762517 0.2580789 0.8405829 -0.4762455 0.2580775 0.8405869 -0.4762511 0.2580787 0.8405833 0.6769043 0.6448469 -0.354927 0.676913 0.6448478 -0.3549087 0.6769157 0.6448481 -0.3549029 -0.8660252 0 -0.5000002 -0.8660252 -7.61356e-7 -0.5000005 -0.8660252 1.97627e-6 -0.5000004 0.2355268 -0.8769142 -0.4189856 0.2355194 -0.876914 -0.4189898 0.235527 -0.8769142 -0.4189854 -0.4546605 -0.4447283 0.7716869 -0.4546623 -0.4447286 0.7716857 -0.4546672 -0.444729 0.7716826 0.2917618 0.787734 -0.5425407 0.2917598 0.7877336 -0.5425422 0.2917435 0.7877334 -0.5425513 -0.2837186 0.8232904 0.4916267 -0.2837226 0.8232905 0.4916242 -0.2837157 0.8232904 0.4916283 0.4023842 -0.5394272 -0.7396657 0.4023876 -0.5394276 -0.7396637 0.4023946 -0.5394282 -0.7396593 -0.3076888 -0.7878685 0.5334706 -0.3076848 -0.7878684 0.5334731 -0.3076981 -0.7878693 0.533464 0.03651779 0.9967942 -0.0711885 0.03652268 0.9967942 -0.07118564 0.03652226 0.9967942 -0.07118594 -0.4256852 0.5395194 0.7264372 -0.4256737 0.5395182 0.7264448 -0.4256923 0.53952 0.7264326 0.4707009 -0.02415734 -0.8819621 0.4707008 -0.02415704 -0.8819621 0.4707019 -0.02415931 -0.8819615 0.01358407 -0.9997473 -0.01790904 0.01358282 -0.9997473 -0.01791006 0.01358383 -0.9997473 -0.01790922 -0.509065 0.02413403 0.8603897 -0.5090648 0.02413356 0.8603899 -0.5090658 0.02413606 0.8603892 -0.812467 -0.3338519 -0.4779544 -0.8124726 -0.3338534 -0.4779438 -0.8124676 -0.3338521 -0.4779533 0.5229353 -0.851507 0.03839963 0.5229328 -0.851507 0.03843683 0.522934 -0.8515068 0.03842175 -0.8124485 -0.3430444 -0.471432 -0.8124421 -0.3430427 -0.471444 -0.8124455 -0.3430435 -0.4714375 -0.4811767 -0.258801 0.8375508 -0.4811789 -0.2588015 0.8375493 -0.4811806 -0.2588019 0.8375483 0.328251 0.7067801 -0.6266684 0.3282507 0.7067801 -0.6266686 0.3282505 0.70678 -0.6266686 -0.3785985 0.7067615 0.5976215 -0.3786079 0.7067621 0.5976148 -0.3786048 0.706762 0.597617 -0.4888813 0.2587943 0.8330791 -0.4888708 0.2587919 0.833086 -0.4888768 0.2587933 0.833082 0.8345721 -0.228144 -0.5014377 0.8345699 -0.228143 -0.5014418 0.8345723 -0.2281441 -0.5014374 -0.818974 -0.32858 -0.4704433 -0.8189716 -0.3285793 -0.4704479 -0.8189682 -0.3285785 -0.4704545 -0.1425041 -0.9658089 0.2165771 -0.1425153 -0.9658092 0.2165688 -0.1425057 -0.9658091 0.2165759 -0.01697558 -0.2281441 0.9734795 -0.01697242 -0.228144 0.9734795 -0.0169869 -0.2281441 0.9734792 -0.01698207 0.2281484 0.9734783 -0.01698136 0.2281484 0.9734784 -0.0169785 0.2281484 0.9734784 0.8345652 0.2281478 -0.5014475 0.8345693 0.2281495 -0.5014399 0.8345692 0.2281495 -0.5014401 -0.8168946 -0.3410825 -0.4651302 -0.8168949 -0.3410827 -0.4651296 -0.8168949 -0.3410827 -0.4651293 0.09712511 0.6233506 0.7758871 0.09710174 0.6233502 0.7758904 0.09709894 0.62335 0.7758908 0.1163087 -0.9658069 -0.2317098 0.117798 -0.9658242 -0.230884 0.1163027 -0.9658069 -0.2317129 0.4770391 0.258791 -0.8399173 0.4770448 0.2587922 -0.8399137 0.477043 0.2587919 -0.8399148 -0.3588717 -0.7070578 0.6093278 -0.3588862 -0.7070589 0.6093181 -0.3588944 -0.7070593 0.6093128 0.4847645 -0.2588031 -0.8354786 0.484765 -0.2588033 -0.8354783 0.4847614 -0.2588024 -0.8354805 -0.8112634 -0.3377657 -0.4772486 -0.8112577 -0.3377639 -0.4772594 -0.8112554 -0.3377634 -0.4772638 0.7205063 0.6233279 -0.3038635 0.7205129 0.6233288 -0.3038461 0.7205091 0.6233281 -0.3038564 -0.8189632 -0.3377421 -0.4639285 -0.8189627 -0.3377422 -0.4639293 -0.8189591 -0.337741 -0.4639365 0.2947179 -0.8515092 0.4336744 0.2947564 -0.8515109 0.4336449 0.2947291 -0.8515096 0.4336661 0.09711456 -0.6233243 0.7759096 0.09713536 -0.6233247 0.7759066 0.0971201 -0.6233244 0.7759089 -0.476955 -0.7649241 -0.4329031 -0.4769634 -0.7649249 -0.4328924 -0.4769598 -0.7649245 -0.432897 0.08738327 0.9647837 -0.2481061 0.0873906 0.9647837 -0.2481032 0.08738899 0.9647838 -0.2481038 -0.8145341 -0.3305093 -0.4767576 -0.8145259 -0.3305068 -0.4767735 -0.8145252 -0.3305066 -0.4767748 -0.8112582 -0.3411039 -0.4748772 -0.8112519 -0.3411022 -0.4748893 -0.8112533 -0.3411026 -0.4748867 0.2947138 0.8515287 0.4336389 0.2947127 0.8515284 0.4336404 0.2947172 0.8515284 0.4336372 -0.1711738 0.96478 0.1997481 -0.1711812 0.9647801 0.1997411 -0.1711779 0.96478 0.1997442 -0.8201667 -0.3304914 -0.4670141 -0.8201599 -0.3304897 -0.4670273 -0.8201645 -0.3304906 -0.4670186 0.5229266 0.8515119 0.03841036 0.5229263 0.851512 0.03841251 0.5229257 0.8515119 0.03842276 -0.81451 -0.3430389 -0.4678651 -0.8145032 -0.3430372 -0.4678783 -0.8145053 -0.3430375 -0.4678746 0.3482471 -0.7070493 -0.6154717 0.3482618 -0.7070502 -0.6154623 0.3482816 -0.7070514 -0.6154497 -0.8169157 -0.3285611 -0.4740214 -0.8169149 -0.3285611 -0.4740228 -0.8169158 -0.3285613 -0.4740211 0.720499 -0.6233446 -0.3038467 0.7204973 -0.6233443 -0.3038513 0.720499 -0.6233445 -0.3038469 0.4550961 -0.318234 -0.8316338 0.4550806 -0.3182315 -0.8316433 0.4550879 -0.3182327 -0.8316388 -0.9081041 -0.4138846 0.06361329 -0.9081061 -0.4138852 0.06357979 -0.9081052 -0.413885 0.0635941 -0.6152743 0.06563258 -0.7855762 -0.6152743 0.06563252 -0.7855762 -0.6152739 0.0656321 -0.7855765 -0.8201592 -0.3338454 -0.4646357 -0.8201653 -0.333847 -0.4646236 -0.8201621 -0.3338464 -0.4646297 -0.3984795 -0.6364428 -0.6604202 -0.39847 -0.6364421 -0.6604265 -0.3984563 -0.636441 -0.6604357 -0.7711934 -0.6364274 -0.01486593 -0.7711929 -0.6364275 -0.01488798 -0.7711931 -0.6364277 -0.01487141 -0.9879688 0.06563931 -0.140033 -0.9879689 0.06563937 -0.1400327 -0.9879688 0.06563919 -0.1400334 -0.9094989 0.1941472 -0.3675851 -0.9095004 0.194148 -0.3675808 -0.9095013 0.1941485 -0.3675785 -0.3989771 -0.4138739 -0.8182454 -0.3989839 -0.4138745 -0.8182418 -0.3989795 -0.4138742 -0.8182441 -0.6133699 -0.7649341 -0.1966047 -0.6133696 -0.764934 -0.1966062 -0.6133742 -0.7649348 -0.1965886 -0.9874536 -0.1569057 0.01777833 -0.9874536 -0.1569057 0.01777911 -0.9874536 -0.1569057 0.01777952 -0.4783418 -0.1568815 -0.8640471 -0.4783382 -0.1568802 -0.8640493 -0.4783354 -0.1568791 -0.8640512 -0.478339 0.3182968 0.8184614 -0.4783353 0.3182961 0.8184638 -0.4783349 0.3182961 0.818464 -0.1222943 -0.9691992 0.2137685 -0.1222951 -0.9691992 0.213768 -0.1223048 -0.9691994 0.2137618 0.1154804 0.9691699 -0.2176555 0.1154802 0.96917 -0.2176556 0.1154896 0.9691702 -0.21765 0.07763671 -0.9881623 -0.1323177 0.07764327 -0.9881623 -0.1323134 0.07764077 -0.9881623 -0.132315 -0.7730822 0.194139 -0.6038659 -0.7730839 0.1941398 -0.6038635 -0.7730852 0.1941406 -0.6038614 -0.05759632 0.9936383 0.09677588 -0.05759501 0.9936383 0.09677672 -0.05759465 0.9936384 0.09677702 -0.1994123 0.9168048 0.3459824 -0.1994068 0.9168046 0.3459858 -0.1994169 0.916805 0.3459793 0.1789616 -0.9324576 -0.3138403 0.1789758 -0.9324578 -0.3138313 0.1789587 -0.9324575 -0.3138421 0.3610942 0.6501195 -0.6685475 0.361086 0.6501189 -0.6685525 0.3610999 0.6501199 -0.668544 -0.3021572 0.7986736 0.5204052 -0.3021387 0.7986727 0.5204172 -0.3021537 0.7986732 0.5204077 0.2931084 -0.7986496 -0.5255916 0.2931298 -0.7986504 -0.5255784 0.2931144 -0.7986497 -0.5255879 -0.3828848 -0.6502891 0.6561428 -0.3828681 -0.6502877 0.6561539 -0.3828864 -0.6502891 0.6561418 0.8521157 0.4646667 -0.2407985 0.8521121 0.4646659 -0.2408125 0.8521153 0.4646667 -0.2407993 -0.484928 0.1081958 0.8678356 -0.4849269 0.1081953 0.8678362 -0.4849286 0.1081961 0.8678352 0.1361728 -0.9874814 -0.07960867 0.1361752 -0.9874814 -0.07960408 0.1361811 -0.9874815 -0.07959294 0.9083968 -0.2055626 -0.3640868 0.9083948 -0.2055615 -0.3640929 0.9083944 -0.2055613 -0.3640938 -0.3554975 0.647566 0.6740028 -0.3554564 0.6475635 0.674027 -0.3554912 0.6475654 0.6740068 0.1383845 0.9758543 0.1689919 0.1383954 0.9758544 0.1689821 0.1383829 0.9758543 0.1689933 -0.07193577 -0.984869 0.1576659 -0.07193392 -0.9848689 0.1576668 -0.07193738 -0.984869 0.157665 0.6221892 -0.7108592 -0.327963 0.6221998 -0.7108604 -0.3279406 0.6221947 -0.7108598 -0.3279516 -0.1496269 0.9001771 0.4090148 -0.1496326 0.9001771 0.4090126 -0.1496238 0.900177 0.4090161 0.5178374 0.8538667 -0.05250054 0.5178376 0.8538669 -0.05249577 0.5178346 0.8538663 -0.05253273 -0.3586704 -0.7065558 0.6100283 -0.3586943 -0.7065572 0.6100127 -0.358694 -0.706557 0.610013 0.3501973 -0.9094321 -0.2242662 0.3501951 -0.9094319 -0.2242704 0.3501951 -0.9094318 -0.2242704 0.9830026 0.1833171 0.01003611 0.9830027 0.1833171 0.01003146 0.983006 0.1833183 0.009682178 0.9942542 0.1065399 0.01038163 0.9942542 0.1065399 0.01038056 0.9942584 0.1065422 0.009957671 -0.1126018 -0.9936386 -0.001755475 -0.1126018 -0.9936386 -0.001760184 -0.1125941 -0.9936371 -0.002816319 -0.07792651 -0.9969569 -0.002161085 -0.07792645 -0.9969568 -0.002163231 -0.07792645 -0.9969569 -0.002162635 -0.9825635 -0.1832634 0.03136205 -0.9825634 -0.1832633 0.03136551 -0.9825634 -0.1832633 0.03136509 -0.9937844 -0.1064912 0.03243702 -0.9937846 -0.1064913 0.03243166 -0.9937846 -0.1064913 0.03243362 0.6978745 0.7162094 0.003939092 0.6978744 0.7162094 0.003956317 0.6978721 0.7162086 0.004468202 0.763308 0.6460184 0.004603922 0.763308 0.6460184 0.004604458 0.763306 0.6460178 0.005001783 0.07793867 0.9969559 0.00216341 0.07793867 0.9969559 0.002163708 0.07793867 0.9969559 0.002164185 0.02228403 0.9997478 0.002806186 0.02228415 0.9997478 0.002805292 0.02228403 0.9997478 0.002806067 0.3379975 -0.941147 -2.05048e-4 0.3379975 -0.941147 -2.88607e-4 0.3379975 -0.941147 -2.13265e-4 0.4593845 -0.8882376 -2.05785e-4 0.4593844 -0.8882375 -3.15263e-4 0.4593844 -0.8882376 -2.33808e-4 -0.6977951 -0.7161297 0.01549994 -0.6977953 -0.7161297 0.01548731 -0.697758 -0.7161175 0.01759463 -0.7631681 -0.6459466 0.018099 -0.7631686 -0.6459466 0.0180723 -0.7631367 -0.645937 0.01969569 0.4310516 0.9023274 -8.14134e-5 0.4310516 0.9023274 -7.48873e-5 0.4310516 0.9023273 -5.38289e-5 0.4806287 0.8769243 -9.04147e-5 0.4806287 0.8769243 -1.10513e-4 0.4806287 0.8769242 -7.41867e-5 -0.3379889 0.9410563 0.0132898 -0.3379887 0.9410564 0.01329314 -0.3379889 0.9410563 0.01328957 -0.4593164 0.8881343 0.01568967 -0.459316 0.8881341 0.01570403 -0.4593155 0.8881343 0.01571905 0.8078378 -0.5893568 0.007540941 0.8078345 -0.5893558 0.007968008 0.8078382 -0.5893568 0.007503211 0.8536987 -0.5207098 0.007740855 0.853697 -0.5207092 0.007980227 0.853699 -0.5207098 0.007713675 -0.3993558 -0.9167896 0.003468811 -0.399356 -0.9167895 0.003439486 -0.3993486 -0.9167866 0.004806578 -0.4310476 -0.9023191 0.004282712 -0.4310479 -0.9023191 0.004250288 -0.4310382 -0.9023152 0.005796492 -0.8074871 0.5891437 0.02957201 -0.8074312 0.5891276 0.03136515 -0.8074871 0.5891437 0.02956956 -0.8533326 0.5204784 0.03042572 -0.8533019 0.52047 0.03141498 -0.8533333 0.5204786 0.03040266 -0.482802 0.1833535 -0.8563199 -0.4828211 0.1833093 -0.8563187 -0.4828224 0.1833097 -0.8563178 -0.4881476 0.1065014 -0.8662387 -0.488148 0.1065015 -0.8662385 -0.4881511 0.1065031 -0.8662364 0.05477792 -0.9936394 0.09838736 0.05478143 -0.9936394 0.09838515 0.05477458 -0.9936395 0.09838944 0.03709763 -0.9969563 0.06857109 0.03709143 -0.9969563 0.06857484 0.03709715 -0.9969563 0.06857138 0.5184426 -0.1832741 0.8352411 0.5184464 -0.1832754 0.8352386 0.5184456 -0.1832752 0.8352391 0.5249936 -0.1064435 0.8444238 0.5249941 -0.1064438 0.8444234 0.5249987 -0.1064463 0.8444203 -0.345542 0.716203 -0.6063448 -0.3455374 0.7162024 -0.6063482 -0.3455376 0.7162023 -0.6063482 -0.3776603 0.6460457 -0.6633233 -0.3776658 0.6460458 -0.6633201 -0.3776711 0.6460462 -0.6633166 -0.03710019 0.9969563 -0.06856966 -0.03709769 0.9969563 -0.06857115 -0.03709548 0.9969563 -0.0685724 -0.008718252 0.9997475 -0.0207144 -0.008717179 0.9997475 -0.02071493 -0.008717536 0.9997475 -0.02071475 -0.169155 -0.9411492 -0.2926172 -0.1691644 -0.9411491 -0.2926118 -0.1691846 -0.9411498 -0.2925981 -0.2298863 -0.8882514 -0.3976956 -0.2298947 -0.8882519 -0.3976899 -0.2299029 -0.8882518 -0.3976851 0.3623132 -0.7161338 0.5965582 0.3623371 -0.716135 0.5965422 0.3623265 -0.7161343 0.5965495 0.3972511 -0.6459274 0.6518969 0.397247 -0.6459269 0.6518998 0.3972411 -0.6459266 0.6519037 -0.2156114 0.9023176 -0.3732758 -0.2155926 0.9023171 -0.3732877 -0.2156023 0.9023172 -0.3732819 -0.2403711 0.8769373 -0.4161766 -0.2403717 0.8769373 -0.4161763 -0.2403847 0.8769377 -0.4161677 0.1805123 0.941051 0.2860743 0.1805173 0.941051 0.286071 0.1805109 0.9410509 0.2860752 0.2432614 0.8881367 0.3899195 0.2432526 0.8881363 0.3899257 0.2432594 0.8881368 0.3899207 -0.3974404 -0.589351 -0.7033538 -0.3974217 -0.5893497 -0.7033654 -0.397438 -0.5893508 -0.7033553 -0.4201718 -0.5207166 -0.7431756 -0.4201576 -0.5207153 -0.7431846 -0.4201691 -0.5207161 -0.7431774 0.202702 -0.9167855 0.3441166 0.2026994 -0.9167855 0.3441185 0.2026949 -0.9167853 0.3441216 0.2192376 -0.9023149 0.3711641 0.2192263 -0.9023146 0.3711715 0.2192243 -0.9023146 0.3711729 0.4293439 0.5891578 0.6845121 0.4293491 0.5891579 0.6845088 0.4293514 0.5891588 0.6845066 0.4530081 0.5204867 0.7237936 0.4530074 0.5204867 0.7237942 0.4530077 0.5204867 0.7237939 -0.5002036 0.1833064 0.8462832 -0.5002085 0.1833079 0.84628 -0.5002089 0.183308 0.8462797 -0.5061318 0.106509 0.8558542 -0.5061312 0.1065087 0.8558548 -0.5061329 0.1065097 0.8558535 0.05781459 -0.993641 -0.09661823 0.05780857 -0.993641 -0.09662222 0.05781149 -0.993641 -0.09662032 0.04083186 -0.9969576 -0.06639707 0.04083329 -0.9969575 -0.06639611 0.04083347 -0.9969575 -0.06639599 0.4641273 -0.1832284 -0.8666102 0.4641222 -0.1832269 -0.8666132 0.4641306 -0.1832294 -0.8666083 0.4688058 -0.1065002 -0.8768574 0.4688068 -0.1065006 -0.8768569 0.4688072 -0.1065008 -0.8768566 -0.3523374 0.7162243 0.6023961 -0.3523477 0.7162247 0.6023896 -0.3523334 0.7162236 0.6023994 -0.3856414 0.6460204 0.6587401 -0.3856546 0.6460213 0.6587315 -0.3856446 0.6460204 0.6587382 -0.04083776 0.996957 0.06640195 -0.04083865 0.996957 0.06640136 -0.04083716 0.996957 0.06640237 -0.01358091 0.9997475 0.01790398 -0.01357954 0.9997475 0.01790511 -0.01357984 0.9997475 0.01790487 -0.1688379 -0.9411476 0.2928054 -0.168832 -0.9411475 0.2928096 -0.1688261 -0.9411475 0.2928126 -0.2294971 -0.8882393 0.3979473 -0.2294955 -0.8882394 0.3979483 -0.2294967 -0.8882392 0.397948 0.3354756 -0.7161437 -0.6120412 0.3354794 -0.716144 -0.6120387 0.3354797 -0.716144 -0.6120385 0.3659403 -0.6459293 -0.6699725 0.3659446 -0.6459295 -0.6699699 0.3659483 -0.6459298 -0.6699677 -0.2154687 0.9023399 0.373304 -0.215467 0.90234 0.3733048 -0.2154653 0.9023398 0.3733064 -0.2402467 0.8769407 0.4162411 -0.2402359 0.8769404 0.4162479 -0.2402379 0.8769403 0.4162468 0.1574944 0.9410483 -0.2993721 0.1575078 0.9410486 -0.299364 0.1575025 0.9410485 -0.2993673 0.2160502 0.8881278 -0.4056495 0.2160754 0.8881285 -0.4056345 0.2160763 0.8881285 -0.405634 -0.4104326 -0.5893889 0.6958203 -0.4104202 -0.5893876 0.6958287 -0.4104298 -0.5893884 0.6958223 -0.433553 -0.5207298 0.7354401 -0.4335377 -0.5207282 0.7354504 -0.4335355 -0.5207285 0.7354515 0.1966887 -0.9167814 -0.3475998 0.1967092 -0.9167818 -0.3475871 0.1966933 -0.9167814 -0.3475973 0.2118331 -0.9023154 -0.3754379 0.2118638 -0.9023163 -0.3754189 0.2118402 -0.9023157 -0.3754335 0.378151 0.5891216 -0.7140991 0.3781601 0.5891225 -0.7140936 0.3781667 0.5891225 -0.7140901 0.4003108 0.5205207 -0.7541946 0.400328 0.5205225 -0.7541843 0.40033 0.5205225 -0.7541833 0.6799595 -0.5755498 0.4543099 0.6799606 -0.57555 0.4543081 0.6799489 -0.5755484 0.4543276 -0.08862662 -0.8908699 -0.4455291 -0.0886262 -0.89087 -0.4455291 -0.08862107 -0.8908699 -0.4455302 -0.6799597 -0.5755493 -0.4543102 -0.6799609 -0.5755495 -0.4543084 -0.6799492 -0.5755479 -0.4543278 0.8020514 -0.57556 0.1595127 0.80205 -0.5755598 0.1595204 0.8020473 -0.5755594 0.1595352 -0.8020516 -0.5755599 -0.159513 -0.8020501 -0.5755596 -0.1595207 -0.8020475 -0.5755591 -0.1595356 0.8020458 -0.5755587 -0.1595456 0.8020452 -0.5755586 -0.1595491 0.8020496 -0.5755593 -0.1595243 -0.8020457 -0.5755588 0.1595454 -0.8020452 -0.5755586 0.1595489 -0.8020497 -0.5755594 0.159524 0.679956 -0.5755493 -0.4543159 0.6799577 -0.5755494 -0.4543132 0.6799497 -0.5755483 -0.4543265 -0.6799559 -0.5755493 0.4543161 -0.6799567 -0.5755493 0.4543149 -0.6799488 -0.5755482 0.4543281 0.4543326 -0.5755477 -0.6799463 0.454333 -0.5755477 -0.6799459 0.4543141 -0.5755461 -0.6799598 -0.4543326 -0.5755484 0.6799456 -0.454333 -0.5755484 0.6799454 -0.4543142 -0.5755467 0.6799593 0.1595315 -0.5755644 -0.8020445 0.159539 -0.5755647 -0.8020428 0.1595551 -0.5755652 -0.8020393 0.1595492 -0.5755633 0.8020418 0.1595497 -0.5755633 0.8020418 0.1595571 -0.5755635 0.8020401 -0.1595341 -0.5755644 0.802044 -0.1595417 -0.5755646 0.8020424 -0.1595219 -0.575564 0.8020468 -0.1595493 -0.5755624 -0.8020424 -0.1595497 -0.5755624 -0.8020423 -0.1595572 -0.5755627 -0.8020407 0.4543316 -0.5755882 0.6799126 0.4543146 -0.5755866 0.6799253 0.4543108 -0.5755862 0.6799281 -0.4543329 -0.5755882 -0.6799117 -0.454316 -0.5755866 -0.6799244 -0.4543122 -0.5755863 -0.6799272 0.06950551 0.9344181 0.3493306 0.06949859 0.934418 0.3493321 0.06948667 0.9344179 0.3493347 0.1978963 0.9344164 0.2961469 0.1978814 0.934416 0.2961581 0.1978909 0.9344162 0.296151 0.2961519 0.9344192 0.1978757 0.2961558 0.9344194 0.1978692 0.2961602 0.9344196 0.1978617 0.3493356 0.9344171 0.06949436 0.3493371 0.9344172 0.06948602 0.3493392 0.9344172 0.06947404 0.3493278 0.9344194 -0.06950253 0.3493292 0.9344195 -0.06949502 0.3493347 0.9344197 -0.06946408 0.2961614 0.9344202 -0.1978573 0.296149 0.9344197 -0.197878 0.296158 0.93442 -0.197863 0.19788 0.9344137 -0.2961664 0.1978985 0.9344142 -0.2961525 0.1978856 0.9344139 -0.2961622 0.06947433 0.9344217 -0.3493273 0.06947624 0.9344217 -0.3493269 0.06948262 0.9344218 -0.3493254 -0.06950509 0.9344197 -0.3493264 -0.06949776 0.9344196 -0.349328 -0.06948637 0.9344195 -0.3493306 -0.1978942 0.9344176 -0.2961445 -0.1979012 0.9344179 -0.2961392 -0.1978895 0.9344176 -0.296148 -0.2961511 0.9344198 -0.1978746 -0.296155 0.9344198 -0.197868 -0.2961593 0.9344201 -0.1978608 -0.3493353 0.9344173 -0.06949442 -0.3493368 0.9344173 -0.06948578 -0.349339 0.9344174 -0.06947338 -0.3493279 0.9344193 0.06950265 -0.3493292 0.9344194 0.06949508 -0.3493347 0.9344196 0.06946432 -0.2961625 0.9344196 0.1978581 -0.29615 0.9344192 0.1978789 -0.2961587 0.9344195 0.1978644 -0.1978796 0.934413 0.2961689 -0.1978976 0.9344134 0.2961555 -0.1978856 0.9344133 0.2961644 -0.06947499 0.9344202 0.3493309 -0.0694769 0.9344202 0.3493305 -0.06948298 0.9344203 0.3493291 -0.5555553 -5.23686e-7 -0.8314797 -0.5555553 9.8695e-7 -0.8314797 -0.5555553 6.86385e-7 -0.8314797 -0.5462105 -0.1827542 -0.8174688 -0.5462064 -0.1827527 -0.8174717 -0.5462042 -0.182752 -0.8174735 0.5555536 -5.21223e-7 0.8314808 0.5555536 9.8695e-7 0.8314808 0.5555536 6.84522e-7 0.8314808 0.5462087 -0.1827533 0.8174701 0.5462047 -0.1827519 0.8174731 0.5462023 -0.1827511 0.8174748 -0.1951093 5.96984e-7 -0.9807815 -0.1951093 4.12207e-7 -0.9807815 -0.1951093 2.99187e-7 -0.9807815 -0.1918144 -0.1827345 -0.9642694 -0.1918042 -0.1827332 -0.9642717 -0.1918097 -0.182734 -0.9642704 -0.1951091 -2.71662e-7 0.9807816 -0.1951091 0 0.9807816 -0.1951091 0 0.9807816 -0.1918033 -0.1827297 0.9642726 -0.1918022 -0.1827296 0.9642728 -0.1917961 -0.1827288 0.9642741 0.1951089 5.96984e-7 0.9807816 0.1951089 4.12207e-7 0.9807816 0.1951089 2.96161e-7 0.9807816 0.1918041 -0.1827306 0.9642722 0.1918061 -0.1827308 0.9642717 0.1918008 -0.1827301 0.9642729 0.1951086 -2.63433e-7 -0.9807817 0.1951086 0 -0.9807817 0.1951086 0 -0.9807817 0.1918028 -0.1827307 -0.9642724 0.1918017 -0.1827306 -0.9642727 0.1917956 -0.1827298 -0.964274 -0.5555925 1.57233e-6 0.8314548 -0.5555925 0 0.8314548 -0.5555925 3.1665e-7 0.8314548 -0.5462217 -0.1827046 0.8174723 -0.5462309 -0.1827078 0.8174655 -0.5462243 -0.1827055 0.8174704 0.5555553 1.57598e-6 -0.8314797 0.5555553 0 -0.8314797 0.5555553 3.12924e-7 -0.8314797 0.5462245 -0.1827056 -0.8174702 0.5462309 -0.1827079 -0.8174653 0.5462271 -0.1827065 -0.8174683 -0.8314833 -6.28701e-7 0.5555498 -0.8314833 0 0.5555498 -0.8314833 -1.93715e-6 0.5555498 -0.8174832 -0.1827227 0.5461993 -0.817481 -0.1827215 0.546203 -0.817481 -0.1827216 0.546203 0.8314833 -6.28701e-7 -0.5555498 0.8314833 0 -0.5555498 0.8314833 -1.93715e-6 -0.5555498 0.8174836 -0.1827236 -0.5461985 0.8174809 -0.1827221 -0.5462031 0.8174809 -0.1827222 -0.546203 -0.9807868 -6.60505e-7 0.1950828 -0.9807868 0 0.1950828 -0.9807868 -6.23055e-7 0.1950828 -0.9642714 -0.18274 0.1917987 -0.9642704 -0.1827393 0.1918052 -0.964271 -0.1827397 0.1918016 0.9807869 -6.5655e-7 -0.1950826 0.9807869 0 -0.1950826 0.9807869 -6.20959e-7 -0.1950826 0.9642716 -0.18274 -0.1917983 0.9642703 -0.1827393 -0.1918049 0.964271 -0.1827397 -0.1918013 -0.9807869 2.17861e-7 -0.1950826 -0.9807869 3.96178e-7 -0.1950826 -0.9807869 2.5169e-7 -0.1950826 -0.9642716 -0.1827372 -0.1918009 -0.964272 -0.1827374 -0.1917983 -0.9642697 -0.182736 -0.1918108 0.9807868 2.1885e-7 0.1950828 0.9807868 3.96178e-7 0.1950828 0.9807868 2.50759e-7 0.1950828 0.9642717 -0.182737 0.1918008 0.964272 -0.1827373 0.1917982 0.9642698 -0.1827359 0.1918106 -0.8314833 1.40767e-6 -0.5555498 -0.8314833 9.68633e-7 -0.5555498 -0.8314833 6.38887e-7 -0.5555498 -0.8174774 -0.1827208 -0.5462086 -0.8174794 -0.1827218 -0.5462052 -0.8174799 -0.182722 -0.5462047 0.8314834 1.40767e-6 0.5555496 0.8314834 9.68633e-7 0.5555496 0.8314834 6.38887e-7 0.5555496 0.8174835 -0.1827232 0.5461989 0.8174849 -0.1827239 0.5461962 0.8174799 -0.1827213 0.5462048 0.2588452 0.9098106 0.3244133 0.2588412 0.9098103 0.3244172 0.2588335 0.9098102 0.3244237 0.7071369 0.6659981 0.2374954 0.7071346 0.6659979 0.2375026 0.7061913 0.6658586 0.2406788 0.9659286 0.2437739 0.08692765 0.9659292 0.2437742 0.08692032 0.9659287 0.2437739 0.0869264 0.9659298 -0.2437739 -0.08691394 0.9659293 -0.2437736 -0.08692049 0.9659289 -0.2437735 -0.08692479 0.7071414 -0.6659944 -0.2374923 0.7071479 -0.6659951 -0.2374708 0.7071472 -0.6659952 -0.2374724 0.2588487 -0.9097974 -0.3244474 0.2588607 -0.9097979 -0.3244364 0.2588594 -0.9097978 -0.3244378 -0.2588539 -0.9097976 -0.3244427 -0.2588667 -0.909798 -0.3244311 -0.2588445 -0.9097973 -0.3244512 -0.7071403 -0.6659942 -0.2374958 -0.7071464 -0.6659948 -0.2374762 -0.7071514 -0.6659954 -0.2374597 -0.9659285 -0.2437735 -0.08692938 -0.9659295 -0.243774 -0.08691698 -0.9659296 -0.2437741 -0.08691507 -0.9659295 0.2437746 0.08691477 -0.9659285 0.2437741 0.08692783 -0.9659281 0.2437739 0.08693218 -0.2241477 -0.9558353 0.1900966 -0.2241501 -0.9558354 0.1900935 -0.2241534 -0.9558354 0.1900892 -0.7071302 0.6659979 0.2375158 -0.707136 0.6659984 0.2374974 -0.7071359 0.6659983 0.2374979 -0.2588299 0.9098095 0.3244286 -0.258846 0.9098098 0.3244146 -0.2588437 0.9098098 0.3244165 0 0 -1 -5.49229e-7 0 -1 -5.74067e-6 -0.3357978 0.9419342 4.86523e-6 -0.3357977 0.9419341 2.21655e-6 -0.3357979 0.9419341 1.00657e-5 -0.3358314 0.9419222 -2.69711e-6 -0.3358313 0.9419222 1.70767e-5 -0.3358314 0.9419222 1.06399e-6 -0.3358011 0.941933 1.34055e-5 -0.335801 0.941933 -1.22935e-6 -0.3358011 0.941933 -7.34627e-6 -0.3358349 0.9419209 -7.13393e-6 -0.3358349 0.9419209 5.22286e-6 -0.3358349 0.9419209 2.9169e-6 -0.3358185 0.9419268 6.7167e-6 -0.3358185 0.9419267 -1.71363e-6 -0.3358186 0.9419268 -9.68575e-7 -0.3358094 0.94193 -1.88947e-5 -0.3358094 0.94193 8.10996e-6 -0.3358094 0.9419299 -2.04146e-6 -0.3358162 0.9419276 7.71135e-7 -0.3358162 0.9419276 4.48152e-6 -0.3358161 0.9419276 -8.95932e-6 -0.3358053 0.9419315 7.92742e-6 -0.3358053 0.9419314 2.03773e-6 -0.3358054 0.9419314 3.19197e-6 -0.3358005 0.9419332 1.5948e-5 -0.3358005 0.9419331 6.80238e-6 -0.3358005 0.9419332 4.85219e-6 -0.3357923 0.9419361 -6.60866e-6 -0.3357921 0.9419362 8.56817e-6 -0.3357923 0.9419361 6.27339e-6 -0.3358175 0.9419271 1.26995e-5 -0.3358174 0.9419271 -2.35811e-6 -0.3358175 0.9419271 -4.8615e-6 -0.3358334 0.9419214 -1.38794e-5 -0.3358335 0.9419214 1.25095e-5 -0.3358335 0.9419214 -0.3739539 -0.920767 -0.1111157 -0.3739589 -0.9207672 -0.111097 -0.3739568 -0.9207671 -0.1111051 0.8063322 -0.5903787 0.03579705 0.8062494 -0.5903548 0.03799104 0.8063324 -0.5903788 0.0357958 -0.6727059 0.7371029 -0.06439101 -0.6727064 0.7371031 -0.06438374 -0.6727053 0.7371029 -0.06439703 0.241906 0.9697782 -0.03180938 0.2421187 0.9697901 -0.02976024 0.24212 0.9697902 -0.0297482 -0.6472912 -0.7448498 0.1619039 -0.6472919 -0.7448499 0.1619008 -0.6472895 -0.7448496 0.1619119 0.333953 -0.93682 0.1041336 0.3339452 -0.9368197 0.1041617 0.3339436 -0.9368196 0.1041669 -0.2398241 0.9693245 -0.05379915 -0.2398272 0.9693247 -0.05378383 -0.2398248 0.9693247 -0.05379563 0.7615269 0.6476092 -0.02606248 0.7615261 0.647609 -0.02609157 0.7615265 0.647609 -0.02607882 -0.9514476 -0.2980528 0.07688927 -0.9514479 -0.2980528 0.07688748 -0.9514477 -0.2980528 0.07688885 -0.07792752 -0.9852969 0.1520447 -0.07791215 -0.9852967 0.1520534 -0.07792323 -0.9852967 0.1520472 0.9940323 0.1082064 -0.01383095 0.9940323 0.1082063 -0.01383531 0.9940322 0.1082063 -0.0138362 -0.959677 0.2803456 -0.02064943 -0.9596771 0.2803456 -0.02064764 -0.9596767 0.2803455 -0.02066612 -0.8532433 0.5204457 0.03335285 -0.8532432 0.5204456 0.03335678 -0.8532426 0.5204455 0.03337144 0.707642 -0.7065275 -0.007858335 0.707642 -0.7065275 -0.007856249 0.707642 -0.7065275 -0.007861077 -0.1188787 0.9689359 -0.2168667 -0.1188685 0.9689357 -0.2168729 -0.1188613 0.9689356 -0.2168773 0.3607882 0.931216 -0.05166029 0.3607904 0.9312161 -0.05164289 0.3607881 0.931216 -0.05166113 -0.6256542 -0.7473154 -0.223778 -0.6256645 -0.7473164 -0.2237458 -0.6256503 -0.7473149 -0.2237908 0.1724623 -0.9846996 -0.02496767 0.1724632 -0.9846997 -0.02496051 0.1724621 -0.9846997 -0.02496975 0.1524666 0.9820656 -0.1109102 0.1524709 0.9820658 -0.1109036 0.1524762 0.9820658 -0.1108954 0.601648 0.7985737 -0.01731556 0.601647 0.7985737 -0.01735478 0.6016471 0.7985737 -0.01734274 -0.8817232 -0.2355663 -0.4087455 -0.8817205 -0.2355651 -0.408752 -0.8817219 -0.2355657 -0.4087486 -0.1372441 -0.9891013 -0.0533185 -0.1372469 -0.9891014 -0.05331039 -0.1372446 -0.9891013 -0.05331689 0.9479957 0.3182834 3.64215e-4 0.9479956 0.3182834 3.62433e-4 0.9479956 0.3182834 3.58149e-4 -0.6054262 0.6857697 -0.4039543 -0.6054152 0.6857687 -0.4039724 -0.6054212 0.6857693 -0.4039624 1.04244e-5 0 1 -1.42412e-5 0 1 0 0 1 -3.81569e-6 0 1 -1.04246e-5 0 1 7.11987e-6 0 1 -0.5676095 -0.8232885 0.003982901 -0.5676096 -0.8232885 0.003960192 -0.5676096 -0.8232885 0.003966867 0.8536729 -0.5207 0.01069003 0.8536731 -0.5207 0.01068031 0.8536729 -0.5207 0.01069617 -0.4592901 0.8880298 0.02134722 -0.45929 0.8880298 0.0213502 -0.4592885 0.8880297 0.02138668 0.4806244 0.8769189 -0.003691315 0.4806278 0.8769202 -0.002802431 0.4806277 0.8769203 -0.002833425 -0.9271099 -0.3743276 0.01860761 -0.9271097 -0.3743276 0.01861745 -0.9271098 -0.3743276 0.01860868 0.4593803 -0.8882231 0.005431234 0.4593805 -0.8882231 0.005429625 0.4593802 -0.8882231 0.005450785 0.02227604 0.9997367 0.005528271 0.02227658 0.9997367 0.005525887 0.02227658 0.9997367 0.005525887 0.9272813 0.3743655 -2.75021e-4 0.9272813 0.3743655 -2.85267e-4 0.9272813 0.3743655 -2.72469e-4 -0.9975571 0.06257015 0.03106576 -0.997557 0.06257003 0.03106713 -0.997557 0.06256997 0.03106844 0.079903 -0.9968027 -1.12693e-4 0.07990294 -0.9968027 -1.92506e-4 0.07990294 -0.9968026 -1.23245e-4 0.9980067 -0.06261354 0.007891654 0.9980092 -0.06261581 0.00755763 0.9980067 -0.06261354 0.007893264 -0.007705688 -0.333871 0.9425874 -0.007703125 -0.333871 0.9425873 -0.007702887 -0.3338709 0.9425874 -0.2281993 -0.8515295 -0.472041 -0.2281823 -0.8515288 -0.4720505 -0.2281644 -0.8515283 -0.4720602 -0.002046346 -0.3430365 0.9393199 -0.002064824 -0.3430364 0.9393198 -0.002070665 -0.3430366 0.9393198 0.9624974 -0.2711961 -0.00716865 0.9624975 -0.2711961 -0.007172286 0.9624974 -0.2711961 -0.007169961 -0.6916484 0.721328 0.03617238 -0.6916489 0.7213281 0.03616267 -0.6916484 0.7213281 0.03617191 0.6916489 0.721328 0.03616285 0.6916484 0.721328 0.03617268 0.6916491 0.7213281 0.03615707 0.9628171 0.2699261 0.01110142 0.9628171 0.2699261 0.01109647 0.9628171 0.2699261 0.01109391 -0.8515415 -0.2281678 -0.4720345 -0.8515431 -0.2281686 -0.4720312 -0.8515421 -0.2281681 -0.4720333 0.002070188 -0.3285791 0.9444743 0.002053678 -0.3285791 0.9444743 0.002050518 -0.3285792 0.9444743 0.2440443 -0.9697276 0.00841397 0.2440446 -0.9697276 0.008405983 0.2440439 -0.9697276 0.008425772 0.8515452 -0.2281671 -0.4720283 0.8515456 -0.2281673 -0.4720274 0.8515399 -0.2281648 -0.4720389 0.8515464 0.2281734 -0.472023 0.8515427 0.2281719 -0.4720304 0.8515412 0.2281711 -0.4720336 -0.8515545 0.2281235 -0.4720326 -0.8515574 0.2281248 -0.4720267 -0.8515546 0.2281236 -0.4720322 0.005634903 -0.3411175 0.9400039 0.005638837 -0.3411175 0.9400038 0.005626499 -0.3411173 0.9400039 0.6233869 0.6233298 -0.4720687 0.6233941 0.6233307 -0.4720579 0.6234062 0.6233322 -0.47204 -0.2440441 -0.9697276 0.008419275 -0.2440443 -0.9697276 0.008412897 -0.2440443 -0.9697276 0.008409738 -0.9628171 0.2699261 0.01110243 -0.9628172 0.2699261 0.01109337 -0.9628171 0.269926 0.01110303 0.6867145 -0.7269037 -0.005849719 0.6867148 -0.7269037 -0.005817949 0.6867147 -0.7269037 -0.005834817 -0.9624844 -0.2712423 -0.007174849 -0.9624844 -0.2712423 -0.007170379 -0.9624844 -0.2712423 -0.007168769 -0.007687807 -0.3377503 0.9412044 -0.007686078 -0.3377506 0.9412043 -0.007677912 -0.3377503 0.9412045 -0.6234031 0.6233328 -0.4720433 -0.6233899 0.6233311 -0.472063 -0.6234025 0.6233326 -0.4720444 0.007684886 -0.3377608 0.9412007 0.007695496 -0.3377609 0.9412005 0.007700562 -0.3377608 0.9412006 0.2281827 -0.8515154 -0.4720745 0.2281865 -0.8515154 -0.4720726 0.2281911 -0.8515158 -0.4720697 0.6233919 -0.6233418 -0.4720463 0.6234031 -0.6233431 -0.4720296 0.6233862 -0.623341 -0.4720548 -0.1364306 -0.7649331 0.6294952 -0.1364293 -0.7649334 0.6294952 -0.1364164 -0.7649334 0.6294978 -0.2487893 0.9671927 0.05140262 -0.2487925 0.9671928 0.05138528 -0.2487915 0.9671928 0.05139112 -0.00563389 -0.3305075 0.9437866 -0.005636274 -0.3305075 0.9437866 -0.005626916 -0.3305075 0.9437866 -0.005629301 -0.3410993 0.9400104 -0.00562644 -0.3410994 0.9400105 -0.00563097 -0.3410992 0.9400104 0.2281898 0.8515198 -0.4720632 0.2281965 0.8515195 -0.4720602 0.2281829 0.8515192 -0.4720674 0.2487928 0.9671928 0.05138397 0.2487913 0.9671927 0.05139172 0.248792 0.9671928 0.05138814 0.005636632 -0.3304828 0.9437952 0.005635559 -0.3304828 0.9437952 0.005621492 -0.3304828 0.9437954 -0.2282037 0.8515098 -0.4720746 -0.2282097 0.8515096 -0.4720718 -0.2282032 0.8515094 -0.4720752 0.002213358 -0.3430652 0.939309 0.002058386 -0.3430651 0.9393095 0.002065837 -0.3430652 0.9393094 -0.6867147 -0.7269037 -0.005845069 -0.6867149 -0.7269037 -0.005813717 -0.6867148 -0.7269037 -0.005806505 -0.002056956 -0.3285654 0.944479 -0.00206834 -0.3285654 0.944479 -0.002065181 -0.3285655 0.944479 -0.6233851 -0.6233407 -0.4720566 -0.6233897 -0.623341 -0.4720501 -0.6233864 -0.6233409 -0.4720548 -0.9828214 -0.1832959 0.02155894 -0.9828214 -0.1832959 0.0215618 -0.9828214 -0.1832959 0.0215581 0.5091565 -0.4138515 0.7546434 0.5091454 -0.41385 0.7546518 0.509146 -0.41385 0.7546514 -0.3727207 0.06563127 0.9256197 -0.372719 0.06563019 0.9256204 -0.3727212 0.06563162 0.9256195 0.007706463 -0.3338534 0.9425936 0.007699072 -0.3338536 0.9425936 0.007703602 -0.3338531 0.9425937 -0.3727136 -0.6364426 0.6752966 -0.3727206 -0.6364433 0.6752921 -0.3727136 -0.6364423 0.6752969 0.3727189 -0.6364195 0.6753154 0.3727104 -0.6364189 0.6753206 0.37274 -0.6364209 0.6753024 0.3727163 0.06563967 0.925621 0.3727138 0.06563806 0.925622 0.3727137 0.06563794 0.9256221 0.1364268 0.1941335 0.9714422 0.1364194 0.1941329 0.9714434 0.1364202 0.194133 0.9714432 -0.5091348 -0.4138622 0.7546522 -0.5091407 -0.4138629 0.7546477 -0.5091414 -0.4138631 0.7546473 0.1364133 -0.7649177 0.6295174 0.1364283 -0.7649177 0.6295143 0.1364282 -0.7649175 0.6295146 0.5091268 -0.1569027 0.8462692 0.509126 -0.1569023 0.8462698 0.5091292 -0.1569036 0.8462676 -0.509131 -0.1568938 0.8462683 -0.5091264 -0.1568921 0.8462713 -0.5091326 -0.1568944 0.8462672 0.9830467 0.1833226 0.003487527 0.9830467 0.1833226 0.003491163 0.9830467 0.1833226 0.003489196 0.1217653 -0.9925579 0.001452565 0.1217653 -0.9925579 0.001452207 0.1217652 -0.9925579 0.001457393 -0.1217815 0.9925166 0.008960664 -0.1217818 0.9925165 0.008955955 -0.1217819 0.9925166 0.008954524 -0.112595 -0.993641 -2.98736e-4 -0.112595 -0.993641 -2.91435e-4 -0.112595 -0.993641 -2.95215e-4 -0.1364227 0.1941522 0.971439 -0.1364238 0.1941523 0.9714389 -0.1364252 0.1941524 0.9714387 0.1533963 0.9881601 0.003072202 0.1534031 0.9881618 0.001943588 0.1534032 0.9881619 0.001937091 0.3612698 0.9324601 -0.001535058 0.3612706 0.9324604 -0.001082658 0.3612706 0.9324604 -0.001074373 -0.3993555 -0.916795 0.001490414 -0.3993555 -0.916795 0.001473128 -0.3993556 -0.916795 0.001492381 -0.661676 0.7494753 0.02171862 -0.6616759 0.7494753 0.02172255 -0.6616768 0.7494753 0.02169454 0.6978805 0.7162137 -9.8026e-4 0.6978804 0.7162137 -9.85211e-4 0.6978805 0.7162138 -9.57247e-4 -0.6978628 -0.7161775 0.008794248 -0.6978626 -0.7161776 0.008804142 -0.6978625 -0.7161775 0.008819878 0.6618254 -0.7496413 0.005016386 0.6618254 -0.7496412 0.005019247 0.6618252 -0.7496412 0.005039513 0 -1 4.54366e-6 0 -1 -1.59547e-6 0 -1 -3.19093e-6 0.2523604 -0.8908811 0.3776842 0.2523658 -0.8908812 0.3776801 0.2523555 -0.8908809 0.3776878 -0.2523599 -0.8908817 -0.377683 -0.2523653 -0.8908818 -0.3776789 -0.2523551 -0.8908816 -0.3776866 0.3776973 -0.8908784 0.25235 0.3777068 -0.8908787 0.2523345 0.377694 -0.8908782 0.2523555 -0.3776977 -0.8908787 -0.2523484 -0.3777073 -0.890879 -0.2523326 -0.3776944 -0.8908785 -0.2523539 0.4455006 -0.8908879 0.08858966 0.4454984 -0.8908879 0.08860164 0.445498 -0.8908879 0.08860361 -0.4455005 -0.8908879 -0.08859002 -0.4454984 -0.8908877 -0.08860188 -0.445498 -0.8908877 -0.08860391 0.445499 -0.8908875 -0.08860224 0.4454958 -0.8908873 -0.08861982 0.4454969 -0.8908874 -0.08861315 -0.4454993 -0.8908873 0.08860188 -0.445496 -0.8908872 0.08861964 -0.4454972 -0.8908873 0.08861285 0.3776783 -0.8908782 -0.2523792 0.3776941 -0.8908789 -0.2523531 0.377681 -0.8908783 -0.2523746 -0.3776785 -0.8908782 0.2523792 -0.3776942 -0.8908789 0.2523531 -0.3776812 -0.8908783 0.2523746 0.2523512 -0.8908808 -0.377691 0.2523655 -0.8908813 -0.3776801 0.252368 -0.8908814 -0.3776782 -0.2523516 -0.8908801 0.3776923 -0.2523661 -0.8908806 0.3776812 -0.2523687 -0.8908808 0.3776794 0.08861458 -0.8908688 -0.4455338 0.08862644 -0.8908689 -0.4455312 0.0886361 -0.890869 -0.4455291 0.08862626 -0.8908692 0.4455305 0.0886259 -0.8908693 0.4455305 0.08862078 -0.8908692 0.4455317 -0.08860564 -0.8908898 0.4454936 -0.08861726 -0.8908899 0.445491 -0.08862698 -0.89089 0.4454889 -0.5636548 0.5627534 -0.6046503 -0.5636339 0.5627509 -0.604672 -0.5636509 0.5627529 -0.6046544 0.9660999 0.2581076 0.005614519 0.9660998 0.2581075 0.005637884 0.9660997 0.2581076 0.005631744 -0.07860529 -0.9940863 -0.07492482 -0.07860779 -0.9940863 -0.0749219 -0.07860529 -0.9940863 -0.07492488 -0.7819215 -0.08511596 -0.6175389 -0.781921 -0.08511543 -0.6175396 -0.7819229 -0.08511757 -0.6175369 0.6418399 0.7666608 -0.01651674 0.6418395 0.7666608 -0.01653569 0.6418399 0.7666608 -0.01652121 0.1349305 0.9722393 -0.1911664 0.1349328 0.9722393 -0.1911646 0.1349232 0.9722391 -0.1911722 0.3356453 -0.9415367 -0.02916878 0.3356461 -0.9415368 -0.02915799 0.3356449 -0.9415368 -0.02917438 -0.6905661 -0.5872609 -0.4221888 -0.6905642 -0.5872606 -0.4221923 -0.690558 -0.5872595 -0.4222036 0.375128 0.9236736 -0.07814103 0.3751297 0.9236738 -0.07813131 0.3751326 0.9236739 -0.07811611 -0.1599312 0.9131728 -0.3748832 -0.1599371 0.9131731 -0.3748803 -0.1599408 0.9131731 -0.3748785 0.8067536 -0.5907225 -0.01398742 0.8067539 -0.5907226 -0.0139693 0.8067543 -0.5907226 -0.01394677 -0.4211403 -0.8836781 -0.204338 -0.4211499 -0.8836786 -0.2043158 -0.4211388 -0.8836779 -0.2043417 0.1515532 0.9098112 -0.3863618 0.1515387 0.9098109 -0.3863681 0.1515409 0.909811 -0.3863672 -0.1478825 0.6660206 -0.7311275 -0.1478945 0.6660208 -0.7311248 -0.1478891 0.6660209 -0.7311259 -0.4076883 0.2437514 -0.8799862 -0.4076969 0.2437531 -0.8799817 -0.4076918 0.2437521 -0.8799843 -0.5582451 -0.2437725 -0.7930557 -0.5582479 -0.2437732 -0.7930536 -0.5582478 -0.2437733 -0.7930537 -0.559246 -0.6659982 -0.4936501 -0.559248 -0.6659984 -0.4936476 -0.5592374 -0.6659973 -0.4936611 -0.4103715 -0.9098124 -0.0619415 -0.4103704 -0.9098122 -0.06195116 -0.4103723 -0.9098124 -0.06193584 -0.1515263 -0.9098105 0.3863738 -0.1515353 -0.9098106 0.3863701 -0.1515543 -0.9098111 0.3863613 0.14788 -0.6660028 0.7311443 0.1479076 -0.6660035 0.7311381 0.1478992 -0.6660031 0.73114 0.4076891 -0.2437571 0.8799842 0.4077019 -0.2437596 0.8799775 0.4076942 -0.2437582 0.8799815 0.5582411 0.2437748 0.7930579 0.5582457 0.243776 0.7930542 0.5582464 0.2437762 0.7930537 0.2767152 -0.9558299 0.09908533 0.2767222 -0.9558302 0.09906429 0.276721 -0.9558301 0.09906774 0.559256 0.6660014 0.4936344 0.559243 0.6660002 0.4936509 0.5592328 0.6659991 0.4936637 0.4103969 0.9098003 0.06194996 0.4103962 0.9098003 0.06195473 0.4104002 0.9098004 0.06192684 -0.8660218 -8.54954e-7 0.5000064 -0.8660218 6.14673e-7 0.5000064 -0.8660218 3.14096e-6 0.5000064 -0.8660218 0 0.5000063 -0.8660218 1.30571e-6 0.5000063 -0.8660218 2.51484e-6 0.5000062 -0.8660207 -4.91505e-7 0.5000081 -0.8660207 -3.65078e-7 0.5000081 -0.8660207 -3.22703e-7 0.5000081 -0.8660183 7.55768e-7 0.5000125 -0.8660183 5.6345e-7 0.5000124 -0.8660183 9.65781e-7 0.5000124 -0.866021 2.92435e-7 0.5000076 -0.866021 7.29226e-7 0.5000076 -0.866021 3.20841e-7 0.5000077 -0.8660209 1.43936e-6 0.5000079 -0.8660209 -3.44589e-7 0.5000079 -0.8660209 0 0.5000078 -0.8660193 3.08361e-6 0.5000106 -0.8660193 2.50479e-6 0.5000107 -0.8660193 1.5056e-6 0.5000107 -0.8660169 -5.5111e-7 0.5000149 -0.8660169 -1.19722e-6 0.5000149 -0.8660169 -8.60542e-7 0.5000149 -0.8660198 0 0.5000097 -0.8660198 -8.84756e-7 0.5000097 -0.8660199 -2.31247e-6 0.5000097 0.8157419 -0.3357887 -0.4709684 0.8157477 -0.3357904 -0.4709569 0.815748 -0.3357904 -0.4709565 0.8157372 -0.3358123 -0.4709595 0.8157358 -0.3358119 -0.4709622 0.8157402 -0.3358134 -0.4709538 0.8157476 -0.3357996 -0.4709508 0.8157431 -0.3357983 -0.4709595 0.8157445 -0.3357987 -0.4709566 0.8157379 -0.3358033 -0.4709646 0.8157459 -0.3358055 -0.4709495 0.8157324 -0.3358017 -0.4709755 0.8157404 -0.3357895 -0.4709705 0.8157411 -0.3357897 -0.4709692 0.8157461 -0.335791 -0.4709596 0.8157423 -0.3357989 -0.4709604 0.8157467 -0.3358001 -0.4709522 0.8157389 -0.335798 -0.4709667 0.8157224 -0.3358373 -0.4709676 0.8157262 -0.3358383 -0.47096 0.8157231 -0.3358376 -0.4709661 0.8157417 -0.3358126 -0.4709516 0.8157368 -0.335811 -0.4709612 0.8157352 -0.3358106 -0.4709642 0.8157359 -0.3358095 -0.470964 0.8157386 -0.3358103 -0.4709587 0.815744 -0.3358119 -0.4709481 0.8157444 -0.3357961 -0.4709586 0.815744 -0.3357961 -0.4709593 0.8151569 -0.3356219 -0.4720987 0.8157394 -0.3357977 -0.4709661 0.8157395 -0.3357979 -0.470966 0.8157386 -0.3357975 -0.4709677 0.8157452 -0.3358002 -0.4709544 0.8157459 -0.3358004 -0.4709531 0.8157361 -0.3357975 -0.4709721 0.09075099 -0.9207698 0.3794038 0.09076315 -0.9207699 0.3794006 0.09074741 -0.9207698 0.3794048 -0.3721823 -0.5903845 -0.7161889 -0.3721761 -0.5903842 -0.7161924 -0.3721777 -0.5903843 -0.7161915 0.2805963 0.7370987 0.6147773 0.2805935 0.7370986 0.6147788 0.2805934 0.7370986 0.6147789 -0.1468367 0.9697896 -0.1948001 -0.1468358 0.9697896 -0.1948012 -0.1468239 0.9697895 -0.1948108 0.4638707 -0.7448616 0.4795887 0.4638624 -0.7448611 0.4795973 0.463866 -0.7448614 0.4795935 -0.07679802 -0.936813 -0.341297 -0.07677495 -0.9368128 -0.3413025 -0.07676571 -0.9368126 -0.3413051 0.07332849 0.96932 0.23461 0.07334476 0.9693201 0.2346044 0.07334041 0.96932 0.2346057 -0.4033694 0.6476182 -0.6464393 -0.4033587 0.6476175 -0.6464468 -0.4033442 0.6476163 -0.6464571 0.5423119 -0.2980716 0.785526 0.5423128 -0.2980719 0.7855253 0.5423149 -0.2980723 0.7855237 0.1706256 -0.9852989 -0.008554518 0.1706258 -0.9852988 -0.008554995 0.1706261 -0.9852989 -0.008542358 -0.5090018 0.1082077 -0.853937 -0.5090048 0.1082093 -0.853935 -0.5090041 0.1082089 -0.8539355 0.4619593 0.2803621 0.841422 0.4619445 0.2803592 0.8414309 0.4619482 0.2803599 0.8414286 0.4555259 0.5204496 0.7222385 0.4555094 0.5204478 0.7222502 0.4555295 0.52045 0.7222359 -0.360624 -0.7065283 -0.6089074 -0.3606295 -0.7065287 -0.6089037 -0.3606303 -0.7065289 -0.6089031 -0.128405 0.9689344 0.211373 -0.1283849 0.968934 0.2113867 -0.1283829 0.9689339 0.211388 -0.2251496 0.9312053 -0.2866433 -0.2251499 0.9312053 -0.2866431 -0.2251638 0.9312057 -0.2866307 0.1190269 -0.7473407 0.6536929 0.1190468 -0.7473411 0.6536889 0.1190106 -0.7473405 0.6536963 -0.1078455 -0.9847 -0.1368771 -0.107846 -0.9847 -0.1368767 -0.1078456 -0.9847001 -0.1368769 -0.1722825 0.982066 -0.07658421 -0.1722806 0.982066 -0.07658904 -0.1722791 0.9820659 -0.07659274 -0.3158537 0.798567 -0.5123742 -0.3158452 0.7985666 -0.5123801 -0.3158279 0.7985658 -0.5123921 0.08687484 -0.2355673 0.9679673 0.08687031 -0.2355672 0.9679679 0.08688193 -0.2355676 0.9679667 0.02245038 -0.9890973 0.1455426 0.02245759 -0.9890973 0.1455414 0.02245193 -0.9890973 0.1455425 -0.4736886 0.3183125 -0.8211556 -0.4736796 0.3183109 -0.8211614 -0.4736789 0.3183108 -0.8211618 -0.04712593 0.6857411 0.7263184 -0.0471422 0.6857412 0.7263172 -0.04714161 0.6857412 0.7263172 0.8660312 0 -0.4999901 0.8660311 8.51229e-7 -0.4999901 0.8660312 -3.26894e-7 -0.4999901 0.8660302 5.51967e-5 -0.4999918 0.8660304 5.44134e-5 -0.4999914 0.8660303 5.34845e-5 -0.4999917 0.8660337 3.88364e-5 -0.4999857 0.8660337 3.79668e-5 -0.4999858 0.8660336 3.77828e-5 -0.499986 0.8660303 -2.81399e-5 -0.4999916 0.8660303 -2.98289e-5 -0.4999915 0.8660303 -2.68649e-5 -0.4999915 0.8660345 3.11342e-5 -0.4999843 0.8660347 3.3088e-5 -0.4999841 0.8660347 3.35062e-5 -0.4999839 0.866032 -2.33194e-5 -0.4999886 0.8660318 -2.23627e-5 -0.499989 0.8660318 -2.47322e-5 -0.4999888 0.8660279 5.51874e-5 -0.4999957 0.866028 5.37415e-5 -0.4999957 0.866028 5.38221e-5 -0.4999957 0.8660148 0 -0.5000186 0.8660147 -5.82542e-7 -0.5000185 0.8660147 -1.66893e-6 -0.5000185 0.8660306 -5.55068e-7 -0.499991 0.8660306 -1.07195e-6 -0.4999909 0.8660307 1.28243e-6 -0.4999909 0.2872467 -0.8232906 0.4895732 0.2872481 -0.8232904 0.4895728 0.2872506 -0.823291 0.4895702 -0.4175938 -0.5207002 -0.7446387 -0.4175986 -0.520702 -0.7446348 -0.4175869 -0.5207003 -0.7446426 0.2481446 0.8880372 0.3870586 0.2481389 0.8880372 0.3870621 0.2481583 0.8880378 0.3870484 -0.2427427 0.8769269 -0.4148196 -0.2427443 0.8769271 -0.4148181 -0.2427659 0.8769279 -0.414804 0.4796757 -0.3743273 0.7935934 0.4796842 -0.3743287 0.7935875 0.4796826 -0.3743283 0.7935886 -0.2249776 -0.8882344 -0.4005306 -0.2249919 -0.8882355 -0.4005203 -0.2249801 -0.8882349 -0.4005283 -0.006357133 0.9997361 -0.02207756 -0.006358563 0.9997361 -0.02207708 -0.006358981 0.9997361 -0.02207696 -0.4638975 0.3743647 -0.8029012 -0.4638946 0.374364 -0.8029031 -0.4639042 0.3743657 -0.8028968 0.5257014 0.06257385 0.8483647 0.5256984 0.06257081 0.8483667 0.525699 0.06257158 0.8483663 -0.04005575 -0.9968023 -0.06914353 -0.04005676 -0.9968023 -0.06914263 -0.04006129 -0.9968023 -0.06913983 -0.4921803 -0.06256777 -0.8682419 -0.4921798 -0.06256723 -0.8682423 -0.4921802 -0.06256783 -0.868242 0.8201646 -0.333847 -0.4646249 0.8201641 -0.333847 -0.4646257 0.8201673 -0.3338476 -0.4646198 -0.2947371 -0.8515172 0.4336457 -0.2947149 -0.8515164 0.4336625 -0.2947278 -0.8515168 0.4336527 0.8145059 -0.343049 -0.4678649 0.8144998 -0.3430471 -0.467877 0.8145072 -0.3430495 -0.4678623 -0.4874545 -0.271219 -0.829957 -0.4874531 -0.2712187 -0.8299578 -0.4874597 -0.2712201 -0.8299534 0.3771461 0.7213407 0.5808859 0.3771488 0.7213409 0.580884 0.377149 0.7213409 0.5808838 -0.3144853 0.7213269 -0.6170791 -0.3145017 0.7213277 -0.6170699 -0.3145171 0.7213284 -0.617061 -0.4718073 0.2699137 -0.8393714 -0.4717974 0.2699117 -0.8393778 -0.4718075 0.2699137 -0.8393713 0.01698392 -0.2281441 0.9734793 0.01697999 -0.2281441 0.9734793 0.01698452 -0.2281441 0.9734793 0.8169142 -0.3285643 -0.4740222 0.8169127 -0.3285639 -0.4740249 0.8169159 -0.328565 -0.4740186 -0.1147217 -0.9697304 -0.2155508 -0.1147389 -0.9697307 -0.2155403 -0.1147246 -0.9697303 -0.2155491 -0.8345698 -0.2281433 -0.5014418 -0.83457 -0.2281434 -0.5014415 -0.8345676 -0.2281424 -0.5014459 -0.8345672 0.2281489 -0.5014437 -0.8345676 0.2281492 -0.501443 -0.8345696 0.22815 -0.5014392 0.01698029 0.2281483 0.9734783 0.01697462 0.2281484 0.9734785 0.01698333 0.2281484 0.9734783 0.8112605 -0.3411045 -0.4748727 0.8112547 -0.341103 -0.4748837 0.8112597 -0.3411043 -0.4748744 -0.7204937 0.6233554 -0.3038372 -0.7204917 0.6233553 -0.3038423 -0.720492 0.6233554 -0.3038412 0.129306 -0.969727 0.2071461 0.1293159 -0.9697272 0.207139 0.1293164 -0.9697273 0.2071386 0.491029 0.2699074 0.8282757 0.4910238 0.2699063 0.8282791 0.491032 0.269908 0.8282736 -0.3484305 -0.7269029 -0.591784 -0.348409 -0.7269019 -0.591798 -0.3484051 -0.7269015 -0.5918008 0.4750413 -0.2712168 0.8371243 0.4750545 -0.2712196 0.8371161 0.4750449 -0.2712176 0.8371222 0.8189686 -0.3377295 -0.4639282 0.8189635 -0.3377282 -0.4639379 0.8189622 -0.3377276 -0.4639409 -0.09708118 0.6233472 0.7758953 -0.0971207 0.6233479 0.7758899 -0.09709084 0.6233474 0.7758939 0.811253 -0.3377654 -0.4772664 0.8112544 -0.3377658 -0.4772637 0.8112549 -0.3377659 -0.4772626 -0.5229195 -0.8515152 0.03843176 -0.5229195 -0.8515152 0.03843444 -0.5229212 -0.8515155 0.03840589 -0.7204957 -0.6233441 -0.3038555 -0.7204905 -0.6233434 -0.3038694 -0.7204962 -0.6233441 -0.3038541 0.6133675 -0.7649366 -0.1966022 0.6133688 -0.7649369 -0.1965968 0.6133627 -0.7649361 -0.1966193 0.1688985 0.9671983 0.1897389 0.1688869 0.967198 0.1897507 0.1689031 0.9671984 0.1897343 0.8201628 -0.3304916 -0.4670209 0.8201658 -0.3304925 -0.4670147 0.820165 -0.3304922 -0.4670165 0.8168972 -0.3410867 -0.4651225 0.8168917 -0.3410853 -0.465133 0.8168902 -0.3410845 -0.4651362 -0.5229141 0.8515201 0.03840088 -0.5229132 0.8515198 0.03841626 -0.5229125 0.8515196 0.0384308 -0.07988029 0.9671973 -0.2411399 -0.07986605 0.9671972 -0.2411451 -0.07988625 0.9671974 -0.2411376 0.8145284 -0.3305119 -0.4767658 0.8145279 -0.3305117 -0.4767667 0.8145286 -0.3305119 -0.4767655 -0.2947352 0.8515151 0.433651 -0.2947415 0.8515154 0.4336462 -0.2947237 0.8515146 0.4336601 0.8124513 -0.3430451 -0.4714266 0.8124466 -0.3430439 -0.4714355 0.8124508 -0.3430452 -0.4714273 0.3383002 -0.7269239 0.5976075 0.3383058 -0.7269243 0.5976038 0.3383032 -0.7269242 0.5976055 0.8189894 -0.3285437 -0.4704418 0.8189864 -0.328543 -0.4704476 0.8189836 -0.3285419 -0.4704531 -0.09712326 -0.6233245 0.7759084 -0.09712094 -0.6233244 0.7759087 -0.09710544 -0.6233242 0.7759109 0.5100835 -0.1833089 0.8403646 0.5100868 -0.18331 0.8403624 0.5100847 -0.1833093 0.8403638 0.3989836 -0.4138722 -0.8182432 0.3989681 -0.4138704 -0.8182517 0.3989734 -0.4138709 -0.8182488 0.987968 0.0656383 -0.1400386 0.987968 0.06563824 -0.1400388 0.9879686 0.06563907 -0.140035 0.8124694 -0.3338506 -0.4779514 0.8124696 -0.3338507 -0.4779508 0.8124657 -0.3338494 -0.4779584 0.7711883 -0.6364335 -0.01487392 0.7711887 -0.6364335 -0.01485288 0.7711881 -0.6364334 -0.01488715 0.3984789 -0.6364227 -0.6604399 0.3984889 -0.6364235 -0.660433 0.3984714 -0.6364222 -0.6604448 0.6151134 0.06545376 -0.7857171 0.6152771 0.06563568 -0.7855737 0.6152743 0.06563258 -0.7855762 0.7730821 0.1941426 -0.6038648 0.7730824 0.1941428 -0.6038644 0.7730848 0.1941439 -0.603861 0.9081066 -0.4138833 0.06358522 0.9081068 -0.4138833 0.06358355 0.9081057 -0.413883 0.0636003 0.4769756 -0.7649255 -0.4328779 0.4769523 -0.7649242 -0.4329059 0.4769654 -0.7649251 -0.4328899 0.4783376 -0.156885 -0.8640488 0.4783357 -0.1568843 -0.86405 0.4783402 -0.1568859 -0.8640471 0.9874538 -0.156904 0.01777923 0.9874536 -0.1569039 0.01778823 0.9874539 -0.1569041 0.01777923 -0.4884929 0.1833408 -0.853089 -0.4885022 0.1833436 -0.8530831 -0.4884948 0.1833413 -0.8530879 -0.05963343 -0.9925568 -0.1061843 -0.05963432 -0.9925568 -0.1061838 -0.05963802 -0.9925568 -0.1061815 0.06862741 0.9925215 0.1009525 0.06862711 0.9925215 0.1009528 0.06862902 0.9925215 0.1009513 0.05604213 -0.9936421 0.09764552 0.05603587 -0.9936422 0.09764957 0.0560379 -0.9936421 0.0976482 0.9095128 0.1941199 -0.367565 0.9095115 0.1941193 -0.3675684 0.9095094 0.1941182 -0.3675743 -0.07503098 0.9881591 -0.1338355 -0.07502985 0.9881592 -0.1338363 -0.0750364 0.9881592 -0.1338321 -0.1815707 0.9324616 -0.3123261 -0.1815858 0.9324618 -0.3123165 -0.1815806 0.9324617 -0.3123198 0.2009857 -0.9167901 0.3451099 0.2009676 -0.9167897 0.3451216 0.2009831 -0.91679 0.3451118 0.3496557 0.7494766 0.5621618 0.3496409 0.749475 0.5621731 0.3496648 0.7494768 0.5621558 -0.3497841 0.7162121 -0.6038968 -0.3497942 0.7162126 -0.6038903 -0.3497822 0.7162122 -0.6038979 0.3565941 -0.7161769 0.5999428 0.3565646 -0.716175 0.5999625 0.3565801 -0.716176 0.5999521 -0.3265736 -0.7496253 -0.5756837 -0.3265901 -0.7496259 -0.5756735 -0.3265779 -0.7496253 -0.5756811 -0.2418365 0.5627645 0.79045 -0.2418432 0.5627649 0.7904478 -0.2418338 0.5627644 0.7904509 -0.4781757 0.2581057 -0.8394817 -0.4781839 0.2581076 -0.8394764 -0.4781726 0.2581051 -0.8394837 -0.02558571 -0.9940856 0.105543 -0.02559411 -0.9940856 0.1055407 -0.02559143 -0.9940856 0.1055414 -0.143858 -0.08512115 0.9859308 -0.143855 -0.08512055 0.9859312 -0.1438558 -0.08512073 0.985931 -0.3352279 0.7666577 -0.5475931 -0.3352379 0.7666582 -0.5475864 -0.3352417 0.7666583 -0.5475839 -0.233002 0.9722436 -0.0212745 -0.2330029 0.9722436 -0.02126324 -0.2330016 0.9722436 -0.02127766 -0.1930804 -0.9415352 -0.2761008 -0.1930779 -0.9415351 -0.2761026 -0.1930786 -0.9415351 -0.276102 -0.02035421 -0.5872852 0.8091242 -0.0203427 -0.5872851 0.8091244 -0.02033561 -0.5872851 0.8091246 -0.2552175 0.923684 -0.2857833 -0.255225 0.9236842 -0.2857759 -0.2552127 0.9236837 -0.2857882 -0.2447109 0.9131705 0.3259392 -0.2446899 0.9131698 0.3259571 -0.2447025 0.9131703 0.3259463 -0.4154828 -0.5906969 -0.6917018 -0.4154973 -0.590698 -0.6916922 -0.4154709 -0.5906958 -0.6917098 0.03360611 -0.8836865 0.4668712 0.03360635 -0.8836866 0.4668712 0.0336306 -0.8836867 0.4668693 -0.4103719 0.9098119 0.0619474 -0.410373 0.9098118 0.06193995 -0.4103701 0.9098119 0.06195914 -0.5592483 0.6659933 0.4936542 -0.5592509 0.6659936 0.4936509 -0.559262 0.6659945 0.4936369 -0.5582486 0.2437809 0.7930507 -0.5582496 0.2437812 0.79305 -0.5582423 0.2437793 0.7930556 -0.4076933 -0.2437613 0.8799811 -0.4076951 -0.2437616 0.8799802 -0.4076936 -0.2437613 0.8799809 -0.1478986 -0.6660172 0.7311273 -0.1478973 -0.6660169 0.7311278 -0.1479008 -0.6660172 0.7311269 0.1515408 -0.9098094 0.3863708 0.1515247 -0.909809 0.3863778 0.1515417 -0.9098096 0.3863701 0.4104116 -0.9097946 -0.06193727 0.4104078 -0.9097943 -0.06196659 0.4104118 -0.9097945 -0.06193637 0.5592387 -0.6660054 -0.4936486 0.5592373 -0.6660054 -0.4936503 0.5592377 -0.6660054 -0.4936497 0.5582459 -0.2437697 -0.793056 0.5582536 -0.2437717 -0.7930499 0.5582497 -0.2437706 -0.793053 0.4076904 0.2437567 -0.8799837 0.4076927 0.2437572 -0.8799825 0.4076936 0.2437573 -0.8799821 -0.05254256 -0.9558274 -0.289194 -0.05256855 -0.9558277 -0.2891888 -0.05255979 -0.9558275 -0.2891904 0.1478794 0.6660177 -0.7311307 0.1479033 0.6660183 -0.7311255 0.1478829 0.6660178 -0.73113 -0.1515484 0.909811 -0.3863639 -0.1515443 0.909811 -0.3863658 -0.1515267 0.9098106 -0.3863736 0.8660218 4.05591e-7 0.5000066 0.8660218 3.01749e-7 0.5000066 0.8660218 -2.60615e-6 0.5000066 0.8660215 4.77768e-7 0.5000069 0.8660215 -2.6403e-7 0.5000069 0.8660215 -3.67881e-6 0.5000069 0.8660216 0 0.5000069 0.8660216 1.66521e-6 0.5000069 0.8660215 -1.22516e-6 0.5000069 0.8660227 7.32252e-7 0.5000047 0.8660227 -3.11062e-7 0.5000047 0.8660227 -3.46452e-7 0.5000047 0.8660191 -6.31437e-7 0.5000109 0.8660191 -2.63564e-7 0.500011 0.8660191 1.7006e-6 0.500011 0.8660204 0 0.5000087 0.8660204 -1.1893e-6 0.5000087 0.8660204 3.29688e-7 0.5000087 0.8660214 3.06405e-7 0.5000072 0.8660214 1.45752e-7 0.5000072 0.8660213 9.76238e-7 0.5000071 0.8660218 4.30504e-7 0.5000062 0.8660219 1.41608e-6 0.5000062 0.8660218 -1.51992e-6 0.5000062 0.8660179 -6.34231e-7 0.5000131 0.8660179 -5.20609e-7 0.5000131 0.8660179 -8.79168e-7 0.5000131 -0.8157369 -0.3357943 -0.470973 -0.8157468 -0.3357973 -0.4709538 -0.8157445 -0.3357967 -0.4709581 -0.8157498 -0.3357951 -0.4709502 -0.8157449 -0.3357936 -0.4709597 -0.8157454 -0.3357937 -0.4709588 -0.8157427 -0.3358139 -0.4709491 -0.8157404 -0.3358131 -0.4709537 -0.8157383 -0.3358125 -0.4709576 -0.8157342 -0.3358077 -0.4709683 -0.8157411 -0.3358098 -0.4709547 -0.8157357 -0.3358082 -0.4709652 -0.8157435 -0.3357955 -0.4709609 -0.8157449 -0.3357958 -0.4709582 -0.8157442 -0.3357958 -0.4709592 -0.8157457 -0.3358002 -0.4709534 -0.8157408 -0.3357987 -0.4709631 -0.8157373 -0.3357977 -0.4709699 -0.8157271 -0.3358296 -0.4709649 -0.8157297 -0.3358302 -0.4709601 -0.8157225 -0.3358281 -0.4709739 -0.8157381 -0.3358107 -0.4709591 -0.8157398 -0.3358114 -0.4709559 -0.8157388 -0.335811 -0.4709577 -0.8157433 -0.3357977 -0.4709595 -0.8157444 -0.3357981 -0.4709572 -0.8157386 -0.3357964 -0.4709684 -0.8157426 -0.3357976 -0.4709608 -0.8157393 -0.3357966 -0.4709672 -0.8157447 -0.3357982 -0.4709568 -0.8157413 -0.3357948 -0.4709651 -0.8157429 -0.3357952 -0.4709621 -0.8157442 -0.3357955 -0.4709596 -0.8157445 -0.3358048 -0.4709522 -0.8157372 -0.3358027 -0.4709665 -0.8157376 -0.3358029 -0.4709657 0.2831854 -0.9207797 -0.2682738 0.2831849 -0.9207797 -0.2682744 0.2831628 -0.9207789 -0.2683006 -0.4341595 -0.5904068 0.6803863 -0.4341637 -0.5904069 0.6803835 -0.434145 -0.5904054 0.6803967 0.3921105 0.7371081 -0.5503826 0.3921034 0.7371077 -0.5503883 0.3921379 0.7371099 -0.5503608 -0.0952956 0.9697903 0.2245561 -0.09528833 0.9697902 0.2245599 -0.09530079 0.9697903 0.2245541 0.1834287 -0.7448433 -0.6415314 0.1834188 -0.7448431 -0.6415343 0.1834449 -0.7448436 -0.6415264 -0.2571572 -0.9368208 0.2371436 -0.2571747 -0.9368212 0.2371227 -0.2571666 -0.9368209 0.2371329 0.1665218 0.9693194 -0.1808052 0.166507 0.9693191 -0.1808209 0.1665247 0.9693194 -0.1808027 -0.3581923 0.6476326 0.6725105 -0.358179 0.6476319 0.6725183 -0.3581584 0.6476304 0.6725307 0.409137 -0.2980716 -0.8624154 0.4091337 -0.2980709 -0.8624172 0.409133 -0.2980709 -0.8624176 -0.09272789 -0.9852952 -0.1435096 -0.09273076 -0.9852952 -0.1435073 -0.09272742 -0.9852952 -0.1435095 -0.4850248 0.1082359 0.8677765 -0.4850276 0.1082373 0.8677748 -0.4850295 0.1082383 0.8677736 0.4977304 0.2803261 -0.8207813 0.4977317 0.2803262 -0.8207805 0.4977309 0.2803261 -0.8207809 0.397744 0.5204457 -0.7556032 0.3977429 0.5204458 -0.7556036 0.397738 0.5204452 -0.7556068 -0.3470126 -0.706558 0.6167318 -0.3470082 -0.7065579 0.6167345 -0.3469921 -0.7065568 0.6167447 0.2472609 0.9689334 0.005492687 0.247261 0.9689334 0.005489528 0.247261 0.9689334 0.005489885 -0.1356714 0.9312127 0.3382842 -0.1356741 0.9312128 0.3382831 -0.1356641 0.9312126 0.3382875 0.5066151 -0.7473317 -0.4299263 0.506612 -0.7473315 -0.4299303 0.5066174 -0.7473318 -0.4299234 -0.06460851 -0.9847005 0.1618359 -0.06461179 -0.9847005 0.1618342 -0.06461703 -0.9847005 0.1618321 0.01981997 0.9820634 0.1875064 0.01981508 0.9820634 0.187507 0.0198124 0.9820634 0.1875073 -0.2858081 0.7985738 0.5297109 -0.2858079 0.7985739 0.529711 -0.2858142 0.7985741 0.5297072 0.7948529 -0.2355561 -0.5592159 0.7948562 -0.2355574 -0.5592106 0.7948478 -0.2355541 -0.5592238 0.1148043 -0.9890996 -0.09220623 0.1147977 -0.9890995 -0.09221553 0.1148052 -0.9890996 -0.09220498 -0.4743179 0.3183048 0.8207952 -0.4743136 0.318304 0.820798 -0.4743082 0.3183031 0.8208013 0.6525795 0.6857452 -0.3223251 0.6525854 0.6857459 -0.3223118 0.6525669 0.6857439 -0.3223534 -0.866038 -4.09354e-5 -0.4999783 -0.8660381 -3.86597e-5 -0.4999781 -0.8660381 -4.10769e-5 -0.499978 -0.8660621 1.06333e-4 -0.4999365 -0.8660619 1.07726e-4 -0.4999369 -0.8660621 1.0981e-4 -0.4999368 -0.8660219 -4.47491e-5 -0.500006 -0.8660219 -4.47608e-5 -0.5000061 -0.8660219 -4.78188e-5 -0.5000061 -0.8660314 -3.96278e-7 -0.4999896 -0.8660315 0 -0.4999896 -0.8660314 5.89062e-7 -0.4999898 -0.8660163 -7.22241e-7 -0.5000158 -0.8660162 3.46685e-7 -0.500016 -0.8660163 9.10834e-7 -0.500016 -0.8660405 2.82638e-5 -0.499974 -0.8660405 3.11355e-5 -0.4999739 -0.8660407 2.86043e-5 -0.4999737 -0.8660222 4.46569e-5 -0.5000057 -0.866022 4.49633e-5 -0.500006 -0.8660221 4.62183e-5 -0.5000059 -0.8660532 1.07765e-4 -0.499952 -0.8660532 1.05631e-4 -0.499952 -0.8660532 1.08248e-4 -0.4999519 -0.86603 -3.99044e-5 -0.4999921 -0.86603 -3.87537e-5 -0.4999921 -0.8660302 -4.04846e-5 -0.499992 0.2803689 -0.8232883 -0.493548 0.2803769 -0.8232889 -0.4935426 0.2803757 -0.8232886 -0.4935439 -0.4360892 -0.520677 0.7339767 -0.4360901 -0.5206766 0.7339764 -0.4361065 -0.5206784 0.7339653 0.2111526 0.8880341 -0.408424 0.2111532 0.8880343 -0.4084233 0.2111467 0.8880341 -0.4084272 -0.2378994 0.8769211 0.4176281 -0.2378868 0.8769207 0.4176364 -0.237877 0.8769204 0.4176425 0.4474407 -0.3743578 -0.8121904 0.447437 -0.3743574 -0.8121926 0.4474372 -0.374357 -0.8121926 -0.2343881 -0.8882207 0.3951284 -0.2344082 -0.8882213 0.3951147 -0.234404 -0.8882213 0.3951177 -0.01593881 0.9997362 0.01654171 -0.01593774 0.9997361 0.01654285 -0.01593703 0.9997362 0.01654362 -0.4633984 0.3743905 0.8031773 -0.4633975 0.3743904 0.8031778 -0.4633999 0.3743903 0.8031764 0.4718799 0.06258696 -0.8794386 0.4718783 0.06258547 -0.8794396 0.4718796 0.06258678 -0.8794388 -0.03986144 -0.9968014 0.06926774 -0.03986144 -0.9968014 0.0692678 -0.03985905 -0.9968014 0.06926947 -0.5058556 -0.06258529 0.8603448 -0.5058528 -0.06258261 0.8603468 -0.5058522 -0.06258207 0.8603471 -0.8124658 -0.3338549 -0.4779544 -0.8124638 -0.3338544 -0.4779582 -0.8124592 -0.3338531 -0.4779669 0.5229299 -0.8515098 0.03841423 0.5229308 -0.8515096 0.03840404 0.5229299 -0.8515097 0.03841423 -0.812431 -0.3430663 -0.471446 -0.8124378 -0.3430682 -0.4714331 -0.8124319 -0.3430663 -0.4714448 -0.4750453 -0.2712157 0.8371225 -0.4750532 -0.2712173 0.8371175 -0.4750461 -0.2712158 0.837122 0.314503 0.7213255 -0.6170717 0.314512 0.7213259 -0.6170665 0.3145166 0.7213262 -0.6170639 -0.3771427 0.7213406 0.5808883 -0.3771559 0.7213414 0.5808788 -0.377134 0.7213401 0.5808946 -0.4910312 0.2699078 0.8282743 -0.4910264 0.2699068 0.8282774 -0.4910287 0.2699073 0.8282759 0.834571 -0.2281464 -0.5014385 0.8345713 -0.2281466 -0.501438 0.8345686 -0.2281454 -0.501443 -0.8189876 -0.3285356 -0.4704507 -0.8189876 -0.3285359 -0.4704505 -0.8189929 -0.3285375 -0.4704402 -0.1293182 -0.9697274 0.2071365 -0.1293153 -0.9697273 0.2071387 -0.1293104 -0.9697272 0.2071423 -0.01697224 -0.2281426 0.9734799 -0.01698791 -0.2281427 0.9734796 -0.01697474 -0.2281426 0.9734798 -0.01697486 0.2281478 0.9734786 -0.01698791 0.2281479 0.9734784 -0.01698154 0.2281478 0.9734785 0.8345693 0.2281493 -0.5014401 0.834568 0.2281487 -0.5014424 0.8345667 0.2281482 -0.5014449 -0.8168912 -0.3410824 -0.465136 -0.8168992 -0.3410844 -0.4651205 -0.8168962 -0.3410837 -0.4651266 0.09711188 0.6233481 0.7758909 0.09712558 0.6233483 0.775889 0.09711086 0.6233481 0.775891 0.1147302 -0.9697303 -0.2155465 0.1147348 -0.9697304 -0.2155434 0.1147245 -0.9697301 -0.2155498 0.4718026 0.2699127 -0.8393746 0.4718123 0.2699148 -0.8393684 0.4718052 0.2699133 -0.8393728 -0.3383033 -0.7269243 0.5976052 -0.3382996 -0.726924 0.5976078 -0.338309 -0.7269244 0.5976018 0.4874624 -0.2712184 -0.8299524 0.4874501 -0.2712158 -0.8299606 0.4874529 -0.2712163 -0.8299586 -0.8112726 -0.3377246 -0.477262 -0.8112745 -0.3377255 -0.477258 -0.8112775 -0.3377262 -0.4772526 0.7205054 0.6233328 -0.3038558 0.7205108 0.6233336 -0.3038412 0.7205052 0.6233327 -0.3038564 -0.8189666 -0.3377231 -0.4639362 -0.8189706 -0.3377242 -0.4639286 -0.8189705 -0.3377242 -0.4639287 0.2947139 -0.8515263 0.4336435 0.2947239 -0.8515266 0.4336362 0.2947248 -0.8515267 0.4336355 0.09712785 -0.6233211 0.7759105 0.09709483 -0.6233204 0.7759152 0.09711068 -0.6233206 0.775913 -0.4769463 -0.7649323 -0.4328981 -0.4769664 -0.7649338 -0.4328736 -0.4769532 -0.764933 -0.4328895 0.07987558 0.9671977 -0.24114 0.07988679 0.9671978 -0.241136 0.07987278 0.9671977 -0.2411412 -0.8145304 -0.3305086 -0.4767646 -0.8145261 -0.3305073 -0.4767727 -0.8145256 -0.330507 -0.4767737 -0.8112628 -0.3410974 -0.4748741 -0.811258 -0.3410962 -0.474883 -0.8112588 -0.3410965 -0.4748814 0.2947168 0.8515259 0.4336423 0.2947254 0.8515262 0.4336361 0.2947047 0.8515259 0.4336509 -0.1688988 0.9671979 0.1897404 -0.1688922 0.9671977 0.1897472 -0.1688937 0.9671978 0.1897455 -0.8201627 -0.3304916 -0.4670209 -0.8201685 -0.3304929 -0.4670097 -0.8201663 -0.3304923 -0.467014 0.522893 0.8515321 0.03842252 0.5228931 0.8515319 0.03842109 0.5228937 0.8515322 0.03840702 -0.8145078 -0.3430231 -0.4678806 -0.8145155 -0.3430252 -0.4678657 -0.8145144 -0.3430248 -0.4678679 0.3484135 -0.7269019 -0.5917954 0.3484067 -0.7269017 -0.5917995 0.3483952 -0.7269008 -0.5918075 -0.8169173 -0.3285525 -0.4740248 -0.816922 -0.3285536 -0.4740158 -0.8169225 -0.3285537 -0.4740151 0.7204978 -0.6233446 -0.3038495 0.7205014 -0.6233451 -0.3038399 0.7205007 -0.6233451 -0.3038414 0.4727405 -0.1833037 -0.8619259 0.4727402 -0.1833036 -0.8619261 0.4727374 -0.1833028 -0.8619278 -0.9081057 -0.4138824 0.06360363 -0.908107 -0.4138828 0.06358379 -0.9081059 -0.4138826 0.06359982 -0.6152788 0.06563436 -0.7855725 -0.6152795 0.0656352 -0.7855719 -0.6152775 0.06563299 -0.7855737 -0.8201525 -0.3338757 -0.4646258 -0.8201525 -0.3338758 -0.4646257 -0.8201584 -0.3338776 -0.4646139 -0.3984768 -0.6364314 -0.6604327 -0.3984678 -0.6364307 -0.6604388 -0.3984747 -0.636431 -0.6604344 -0.771202 -0.6364167 -0.0148735 -0.7712022 -0.6364168 -0.01486414 -0.7712026 -0.6364165 -0.01485562 -0.9879673 0.06565439 -0.1400365 -0.9879672 0.06565427 -0.140037 -0.9879676 0.06565493 -0.1400343 -0.9095059 0.1941327 -0.3675753 -0.9095062 0.1941328 -0.3675745 -0.9095037 0.1941314 -0.3675815 -0.3989763 -0.4138733 -0.8182462 -0.3989765 -0.4138735 -0.818246 -0.3989732 -0.4138731 -0.8182479 -0.6133834 -0.764926 -0.1965938 -0.6133847 -0.7649269 -0.1965863 -0.6133809 -0.764926 -0.1966016 -0.9874575 -0.1568816 0.01777893 -0.9874574 -0.1568816 0.01777732 -0.9874575 -0.1568816 0.01777577 -0.4783332 -0.1568849 -0.8640513 -0.4783346 -0.1568854 -0.8640505 -0.4783328 -0.1568847 -0.8640515 -0.4945509 0.1833257 0.8495948 -0.4945551 0.183327 0.849592 -0.4945509 0.1833256 0.8495948 -0.06214666 -0.9925562 0.1047381 -0.06214731 -0.9925562 0.1047376 -0.06215077 -0.9925562 0.1047354 0.05312234 0.9925198 -0.1099211 0.0531246 0.9925198 -0.1099199 0.05311721 0.9925197 -0.1099239 0.05656951 -0.993638 -0.09738278 0.05656874 -0.993638 -0.09738332 0.05656731 -0.993638 -0.09738427 -0.7730801 0.1941371 -0.6038693 -0.7730869 0.1941404 -0.6038594 -0.7730801 0.194137 -0.6038693 -0.07839727 0.9881585 0.1318972 -0.0784015 0.9881585 0.1318945 -0.07840007 0.9881585 0.1318954 -0.1796951 0.9324612 0.3134102 -0.1797103 0.9324615 0.3134005 -0.1797024 0.9324614 0.3134055 0.1984175 -0.9167876 -0.3465992 0.1984162 -0.9167876 -0.3466001 0.1984128 -0.9167875 -0.3466022 0.3120446 0.7494775 -0.5838766 0.3120484 0.7494778 -0.5838741 0.3120269 0.7494767 -0.5838869 -0.3480897 0.7162168 0.6048696 -0.3480957 0.7162168 0.604866 -0.3481031 0.7162175 0.604861 0.3413031 -0.7161736 -0.6087756 0.3413093 -0.7161739 -0.6087718 0.3413247 -0.7161749 -0.608762 -0.3352704 -0.7496379 0.570646 -0.3352558 -0.749637 0.5706557 -0.3352519 -0.749637 0.5706581 0.805461 0.5627654 -0.1858168 0.8054693 0.5627668 -0.1857762 0.8054659 0.5627662 -0.1857929 -0.4879341 0.2580842 0.8338541 -0.4879379 0.258085 0.8338518 -0.4879251 0.2580822 0.8338602 0.1041814 -0.9940873 -0.03060686 0.1041828 -0.9940873 -0.03060191 0.1041825 -0.9940873 -0.03060227 0.9257681 -0.08513778 -0.3683816 0.9257684 -0.08513802 -0.3683811 0.9257681 -0.08513772 -0.3683816 -0.3066119 0.7666627 0.5641078 -0.306612 0.7666625 0.5641078 -0.3066125 0.7666627 0.5641074 0.09732741 0.9722361 0.2128012 0.09808868 0.9722462 0.2124058 0.09808039 0.972246 0.21241 -0.142577 -0.9415351 0.3052599 -0.1425756 -0.941535 0.3052608 -0.1425885 -0.9415352 0.3052539 0.7108944 -0.5872929 -0.3869318 0.7108932 -0.5872925 -0.3869348 0.7108846 -0.5872914 -0.3869524 -0.1199078 0.9236707 0.363943 -0.1198832 0.9236704 0.363952 -0.1199056 0.9236708 0.3639439 0.4046142 0.9131765 0.04895168 0.4046174 0.9131765 0.04892319 0.4046164 0.9131764 0.0489332 -0.3912868 -0.5907251 0.7056476 -0.3912842 -0.5907252 0.705649 -0.3912727 -0.5907242 0.7056562 0.3875477 -0.8836649 -0.2625703 0.3875482 -0.8836651 -0.262569 0.3875547 -0.8836653 -0.2625587 0.9942798 0.1065425 0.007510304 0.9942798 0.1065425 0.007513165 0.9942798 0.1065425 0.007512807 0.9996781 0.0241695 0.007725656 0.999678 0.02416956 0.007724523 0.999678 0.02416956 0.007724821 -0.0779103 -0.9969604 -6.50232e-5 -0.0779103 -0.9969604 -6.36692e-5 -0.0779103 -0.9969604 -6.19062e-5 -0.0222975 -0.9997515 -8.36818e-5 -0.0222975 -0.9997515 -8.31746e-5 -0.0222975 -0.9997515 -8.25904e-5 -0.9938731 -0.1065002 0.02956455 -0.993873 -0.1065001 0.02957016 -0.993873 -0.1065002 0.02956807 -0.9992462 -0.02413463 0.0304073 -0.9992462 -0.02413457 0.0304076 -0.9992462 -0.02413463 0.03040707 0.7633175 0.6460236 -2.04071e-4 0.7633175 0.6460235 -2.19991e-4 0.7633175 0.6460236 -1.73446e-4 0.8419495 0.5395565 -2.54691e-4 0.8419495 0.5395565 -1.61223e-4 0.8419495 0.5395565 -2.3752e-4 0.1126208 0.993632 0.00345987 0.1126208 0.9936321 0.003459632 0.1126206 0.993632 0.00346595 0.07793694 0.9969492 0.004258751 0.07793658 0.9969493 0.004266262 0.07793653 0.9969492 0.004266977 0.2462476 -0.969199 0.003932297 0.2462476 -0.969199 0.003933966 0.2462474 -0.969199 0.003949403 0.3380018 -0.9411343 0.004602253 0.3380019 -0.9411342 0.004594743 0.3380018 -0.9411342 0.004600048 -0.7632367 -0.645983 0.0132631 -0.7632361 -0.6459829 0.01330494 -0.7632362 -0.6459829 0.01329642 -0.8418595 -0.5394682 0.01570433 -0.8418595 -0.5394683 0.01570439 -0.8418595 -0.5394682 0.01571023 0.399342 0.9167988 -0.00243771 0.3993438 0.9167996 -0.001767098 0.3993437 0.9167996 -0.001774549 0.4310492 0.9023237 -0.002941668 0.4310518 0.9023247 -0.002160847 0.4310516 0.9023246 -0.002191901 -0.2462559 0.9690808 0.01550632 -0.2462556 0.9690808 0.01551097 -0.2462554 0.9690809 0.0155158 -0.3379741 0.9409817 0.01808291 -0.337974 0.9409817 0.01808625 -0.3379737 0.9409817 0.0180909 0.7596447 -0.6502608 0.01004511 0.7596448 -0.6502608 0.01003289 0.7596449 -0.6502608 0.01003301 0.8078143 -0.5893458 0.01038223 0.8078144 -0.5893459 0.01036888 0.8078143 -0.5893459 0.01037788 -0.4310486 -0.9023262 0.002141296 -0.4310485 -0.9023262 0.002161681 -0.4310485 -0.9023262 0.00217235 -0.4806287 -0.8769199 0.002783715 -0.4806285 -0.8769198 0.002806186 -0.4806286 -0.8769198 0.002808928 -0.7593254 0.6499541 0.03137964 -0.759326 0.6499541 0.03136456 -0.7593258 0.6499541 0.03136992 -0.8074328 0.5890679 0.03242576 -0.8074318 0.5890678 0.03245037 -0.8074321 0.5890679 0.03244608 -0.4906396 0.1065104 -0.8648285 -0.4906425 0.1065119 -0.8648268 -0.4906431 0.1065123 -0.8648263 -0.4931412 0.02415889 -0.8696138 -0.4931413 0.02415883 -0.8696138 -0.4931403 0.02415692 -0.8696143 0.03890067 -0.9969609 0.06749564 0.03889954 -0.9969609 0.06749629 0.03889912 -0.9969609 0.06749659 0.01108092 -0.9997513 0.01935434 0.01107931 -0.9997514 0.01935535 0.01108044 -0.9997513 0.01935464 0.5225547 -0.1064617 0.8459329 0.5225619 -0.1064656 0.8459281 0.5225576 -0.1064635 0.8459309 0.5259519 -0.02413862 0.8501717 0.5259528 -0.02414083 0.8501711 0.5259521 -0.0241388 0.8501716 -0.3818469 0.6460412 -0.6609264 -0.3818432 0.646041 -0.6609288 -0.3818351 0.6460407 -0.6609338 -0.4212031 0.539542 -0.7290285 -0.4211878 0.5395407 -0.7290383 -0.4211899 0.5395407 -0.7290369 -0.05330848 0.9936334 -0.09925168 -0.0533111 0.9936335 -0.09925019 -0.05330771 0.9936334 -0.09925216 -0.03574103 0.9969533 -0.06933045 -0.03526204 0.9969517 -0.06959825 -0.03526347 0.9969517 -0.06959742 -0.1197289 -0.9691953 -0.2152341 -0.1197258 -0.9691952 -0.215236 -0.1197258 -0.9691951 -0.2152359 -0.165026 -0.9411368 -0.295005 -0.1650295 -0.9411368 -0.2950032 -0.165021 -0.9411367 -0.2950084 0.3931481 -0.6459781 0.6543293 0.3931291 -0.6459768 0.654342 0.3931402 -0.6459776 0.6543346 0.4345473 -0.5394771 0.7212027 0.4345217 -0.5394746 0.7212198 0.4345347 -0.539476 0.721211 -0.2011918 0.9168027 -0.3449563 -0.2012069 0.916803 -0.3449465 -0.2012079 0.9168031 -0.3449459 -0.2173971 0.9023338 -0.3721992 -0.2173876 0.9023335 -0.3722054 -0.2174085 0.9023341 -0.3721919 0.136559 0.9690818 0.205505 0.1365635 0.9690819 0.2055013 0.1365446 0.9690815 0.2055155 0.1846451 0.9409784 0.2836652 0.184645 0.9409784 0.2836652 0.1846673 0.9409789 0.283649 -0.371156 -0.6502422 -0.662894 -0.3711506 -0.6502415 -0.6628977 -0.371156 -0.6502418 -0.6628943 -0.3949285 -0.5893496 -0.7047685 -0.3949245 -0.589349 -0.7047713 -0.3949245 -0.5893492 -0.7047711 0.2174136 -0.9023213 0.3722198 0.2174001 -0.9023209 0.3722288 0.2174101 -0.9023213 0.3722219 0.2427282 -0.8769315 0.4148182 0.2427513 -0.8769323 0.414803 0.2427507 -0.876932 0.4148041 0.4068428 0.6499646 0.6418917 0.4068354 0.6499648 0.6418963 0.4068274 0.6499641 0.641902 0.4318258 0.5890715 0.6830237 0.4318221 0.5890709 0.6830265 0.4318192 0.5890707 0.6830285 -0.5036557 0.1065018 0.8573147 -0.5036579 0.106503 0.8573132 -0.5036575 0.1065027 0.8573135 -0.5065342 0.02414125 0.8618819 -0.5065352 0.02414351 0.8618813 -0.5065342 0.02414119 0.8618819 0.0390079 -0.9969608 -0.06743627 0.03901034 -0.9969608 -0.06743472 0.03900915 -0.9969608 -0.0674355 0.01121544 -0.9997517 -0.01925843 0.01121425 -0.9997517 -0.01925921 0.01121413 -0.9997517 -0.01925927 0.4713239 -0.1065127 -0.8755049 0.471323 -0.1065123 -0.8755055 0.471321 -0.1065112 -0.8755067 0.4732807 -0.02414023 -0.8805809 0.4732819 -0.0241428 -0.8805803 0.4732809 -0.02414077 -0.8805808 -0.3814811 0.6460257 0.6611528 -0.3814647 0.6460618 0.6611269 -0.3814967 0.646027 0.6611425 -0.4207988 0.5395267 0.7292732 -0.4207781 0.5395246 0.7292866 -0.4207922 0.5395261 0.7292775 -0.05930668 0.9936321 0.09580206 -0.05931174 0.9936322 0.09579861 -0.05931109 0.9936321 0.09579908 -0.04265809 0.9969499 0.0653544 -0.04265666 0.9969499 0.06535547 -0.0426557 0.99695 0.06535619 -0.1265276 -0.9692013 0.2112812 -0.1265347 -0.9692014 0.2112763 -0.1265436 -0.9692015 0.2112704 -0.1729944 -0.9411276 0.2904338 -0.1730007 -0.941128 0.2904289 -0.1729907 -0.9411275 0.2904362 0.3701037 -0.645999 -0.6676141 0.3701185 -0.6460002 -0.6676048 0.3700969 -0.6459985 -0.6676184 0.4073544 -0.5394732 -0.7369065 0.4073464 -0.5394728 -0.7369112 0.4073435 -0.5394722 -0.7369132 -0.1981561 0.9167926 0.3467355 -0.1981663 0.9167929 0.3467289 -0.1981428 0.9167923 0.3467439 -0.2136522 0.9023361 0.3743561 -0.2136569 0.9023362 0.374353 -0.2136297 0.9023355 0.3743703 0.1096981 0.9690831 -0.2210072 0.1097013 0.9690832 -0.2210055 0.1096925 0.9690831 -0.2210103 0.1533304 0.940983 -0.3017296 0.1533309 0.940983 -0.3017295 0.1533234 0.9409828 -0.3017337 -0.3885132 -0.6502617 0.6528533 -0.3885153 -0.6502612 0.6528524 -0.3885255 -0.6502624 0.6528452 -0.4128916 -0.5893657 0.6943836 -0.4128928 -0.5893658 0.6943829 -0.4128922 -0.5893658 0.6943833 0.2136461 -0.9023228 -0.3743916 0.2136722 -0.9023234 -0.3743749 0.2136524 -0.902323 -0.3743875 0.2378821 -0.8769172 -0.4176464 0.2378848 -0.8769173 -0.4176445 0.2378998 -0.8769178 -0.4176348 0.3524887 0.6499595 -0.6732789 0.3525063 0.6499606 -0.6732685 0.3525041 0.6499602 -0.6732701 0.3756123 0.5890917 -0.7154625 0.375628 0.5890923 -0.7154538 0.3756253 0.5890923 -0.7154551</float_array>
          <technique_common>
            <accessor source="#Cylinder_001-mesh-normals-array" count="3423" stride="3">
              <param name="X" type="float"/>
              <param name="Y" type="float"/>
              <param name="Z" type="float"/>
            </accessor>
          </technique_common>
        </source>
        <source id="Cylinder_001-mesh-map-0">
          <float_array id="Cylinder_001-mesh-map-0-array" count="7104">0.111224 0.802804 0.10171 0.821359 0.09723079 0.813274 0.08184826 0.78001 0.06230556 0.773893 0.08084756 0.772923 0.09730648 0.761637 0.08129388 0.765656 0.08250451 0.758232 0.111224 0.802804 0.09286659 0.806442 0.105849 0.797622 0.09730648 0.761637 0.08385008 0.750218 0.100009 0.755428 0.101813 0.792574 0.09286659 0.806442 0.08898848 0.799976 0.104056 0.748624 0.08385008 0.750218 0.08570778 0.741492 0.101813 0.792574 0.08572548 0.793598 0.09880638 0.787825 0.104056 0.748624 0.08786249 0.731548 0.110071 0.739792 0.09880638 0.787825 0.08310759 0.786992 0.09684705 0.782867 0.110071 0.739792 0.08959209 0.719356 0.118621 0.728372 0.09568428 0.777898 0.08310759 0.786992 0.08184826 0.78001 0.142871 0.830044 0.106349 0.831184 0.128505 0.81661 0.131108 0.708128 0.08959209 0.719356 0.08939397 0.70385 0.09568428 0.777898 0.08084756 0.772923 0.09537369 0.772788 0.118641 0.808923 0.106349 0.831184 0.10171 0.821359 0.09583926 0.767397 0.08084756 0.772923 0.08129388 0.765656 0.114529 0.783984 0.107215 0.776217 0.112706 0.766824 0.136277 0.773632 0.133987 0.785348 0.1306959 0.780775 0.124379 0.784292 0.133987 0.785348 0.125005 0.788086 0.124379 0.784292 0.1186439 0.787803 0.118919 0.784943 0.114529 0.783984 0.1186439 0.787803 0.1137 0.786353 0.114529 0.783984 0.110183 0.784456 0.111233 0.782801 0.108985 0.781036 0.110183 0.784456 0.107707 0.78212 0.108985 0.781036 0.106171 0.779423 0.107645 0.778833 0.107215 0.776217 0.106171 0.779423 0.105518 0.776409 0.107215 0.776217 0.105462 0.773347 0.107028 0.773547 0.107843 0.771042 0.105462 0.773347 0.106277 0.770294 0.107843 0.771042 0.108259 0.767385 0.109657 0.768775 0.112706 0.766824 0.108259 0.767385 0.111328 0.764628 0.112706 0.766824 0.116085 0.762023 0.117051 0.764964 0.122839 0.764691 0.116085 0.762023 0.122906 0.760577 0.122839 0.764691 0.13296 0.761832 0.130201 0.767546 0.136277 0.773632 0.13296 0.761832 0.150299 0.771884 0.105462 0.773347 0.102028 0.768843 0.106277 0.770294 0.101238 0.773018 0.09583926 0.767397 0.102028 0.768843 0.133987 0.785348 0.124389 0.797563 0.125005 0.788086 0.136358 0.800085 0.118641 0.808923 0.124389 0.797563 0.105518 0.776409 0.101238 0.773018 0.105462 0.773347 0.101328 0.777079 0.09537369 0.772788 0.101238 0.773018 0.13296 0.761832 0.157585 0.735797 0.150299 0.771884 0.157585 0.735797 0.118621 0.728372 0.131108 0.708128 0.150299 0.771884 0.136358 0.800085 0.133987 0.785348 0.157585 0.80278 0.128505 0.81661 0.136358 0.800085 0.106171 0.779423 0.101328 0.777079 0.105518 0.776409 0.101328 0.777079 0.09684705 0.782867 0.09568428 0.777898 0.122906 0.760577 0.1317 0.744412 0.13296 0.761832 0.1317 0.744412 0.110071 0.739792 0.118621 0.728372 0.107707 0.78212 0.1023499 0.781015 0.106171 0.779423 0.1023499 0.781015 0.09880638 0.787825 0.09684705 0.782867 0.116085 0.762023 0.119316 0.750383 0.122906 0.760577 0.111895 0.755249 0.110071 0.739792 0.119316 0.750383 0.110183 0.784456 0.104243 0.784708 0.107707 0.78212 0.107033 0.788306 0.09880638 0.787825 0.104243 0.784708 0.111328 0.764628 0.111895 0.755249 0.116085 0.762023 0.111895 0.755249 0.100009 0.755428 0.104056 0.748624 0.1137 0.786353 0.107033 0.788306 0.110183 0.784456 0.107033 0.788306 0.105849 0.797622 0.101813 0.792574 0.108259 0.767385 0.10704 0.76017 0.111328 0.764628 0.103903 0.76455 0.100009 0.755428 0.10704 0.76017 0.1186439 0.787803 0.111062 0.791563 0.1137 0.786353 0.116661 0.794894 0.105849 0.797622 0.111062 0.791563 0.106277 0.770294 0.103903 0.76455 0.108259 0.767385 0.103903 0.76455 0.09583926 0.767397 0.09730648 0.761637 0.125005 0.788086 0.116661 0.794894 0.1186439 0.787803 0.116661 0.794894 0.118641 0.808923 0.111224 0.802804 0.296785 0.96458 0.297365 0.96656 0.296601 0.966399 0.296601 0.966399 0.296719 0.968585 0.295949 0.968234 0.296719 0.968585 0.294784 0.970093 0.295949 0.968234 0.294784 0.970093 0.293888 0.972904 0.292999 0.972104 0.293888 0.972904 0.290309 0.974472 0.292999 0.972104 0.291569 0.975634 0.286446 0.978354 0.290309 0.974472 0.288332 0.951855 0.292254 0.954557 0.291209 0.955346 0.291209 0.955346 0.294108 0.956904 0.293309 0.957545 0.294108 0.956904 0.294808 0.959351 0.293309 0.957545 0.294808 0.959351 0.296577 0.960719 0.29587 0.96106 0.296447 0.952711 0.313004 0.95011 0.314464 0.952731 0.296577 0.960719 0.296535 0.962796 0.29587 0.96106 0.296535 0.962796 0.297539 0.964561 0.296785 0.96458 0.290462 0.966468 0.287763 0.962223 0.291477 0.96391 0.298656 0.966849 0.297539 0.964561 0.29882 0.964567 0.298012 0.969154 0.297365 0.96656 0.298656 0.966849 0.2969 0.971515 0.296719 0.968585 0.298012 0.969154 0.295346 0.97401 0.295578 0.970655 0.2969 0.971515 0.293529 0.976925 0.293888 0.972904 0.295346 0.97401 0.293529 0.976925 0.288489 0.980056 0.291569 0.975634 0.29392 0.953564 0.289927 0.950656 0.292609 0.950184 0.29392 0.953564 0.294108 0.956904 0.292254 0.954557 0.296669 0.958205 0.294108 0.956904 0.295306 0.956129 0.296669 0.958205 0.296577 0.960719 0.295517 0.958869 0.297758 0.960231 0.297266 0.962608 0.296577 0.960719 0.298504 0.962346 0.297539 0.964561 0.297266 0.962608 0.334426 0.945656 0.354839 0.93009 0.358085 0.937881 0.299567 0.972908 0.31546 0.975753 0.297991 0.975392 0.301093 0.961946 0.316903 0.959748 0.31676 0.962559 0.301318 0.967524 0.316464 0.96575 0.316171 0.96888 0.297569 0.955047 0.314464 0.952731 0.315777 0.955183 0.297991 0.975392 0.315252 0.978284 0.296581 0.978116 0.301515 0.964705 0.31676 0.962559 0.316464 0.96575 0.301318 0.967524 0.315931 0.971519 0.300608 0.970268 0.298873 0.957184 0.315777 0.955183 0.316603 0.957408 0.296581 0.978116 0.315125 0.981153 0.295971 0.981312 0.300608 0.970268 0.3157 0.973652 0.299567 0.972908 0.300134 0.959424 0.316603 0.957408 0.316903 0.959748 0.807289 0.957312 0.906147 0.955601 0.906111 0.958963 0.331923 0.979876 0.356381 0.981013 0.355947 0.98534 0.338536 0.954102 0.359927 0.956451 0.337352 0.958139 0.335678 0.96338 0.357525 0.970782 0.334144 0.968918 0.337365 0.948876 0.358085 0.937881 0.360198 0.943508 0.331148 0.984657 0.355947 0.98534 0.355267 0.991612 0.337352 0.958139 0.358669 0.963481 0.335678 0.96338 0.334144 0.968918 0.356796 0.976739 0.333101 0.973542 0.338685 0.951348 0.360198 0.943508 0.360991 0.947274 0.330258 0.99074 0.355267 0.991612 0.354635 0.999702 0.333101 0.973542 0.356381 0.981013 0.332493 0.976704 0.338685 0.951348 0.360813 0.951027 0.338536 0.954102 0.665848 0.603503 0.667084 0.606438 0.657863 0.605114 0.807744 0.943144 0.906343 0.949222 0.807566 0.946863 0.807562 0.978793 0.906264 0.973634 0.906331 0.976996 0.807312 0.960894 0.906111 0.958963 0.90612 0.961983 0.807398 0.968341 0.90615 0.964618 0.90618 0.967253 0.807566 0.946863 0.906229 0.95224 0.807414 0.950442 0.807652 0.982374 0.906331 0.976996 0.906402 0.980015 0.807355 0.964617 0.90612 0.961983 0.90615 0.964618 0.807398 0.968341 0.906214 0.970273 0.807438 0.971923 0.807414 0.950442 0.906147 0.955601 0.807318 0.953876 0.807652 0.982374 0.906465 0.982649 0.807744 0.986096 0.807438 0.971923 0.906264 0.973634 0.807489 0.975358 0.29587 0.96106 0.294471 0.959599 0.294808 0.959351 0.291767 0.964657 0.291983 0.965467 0.291663 0.965358 0.288332 0.951855 0.290719 0.955797 0.287409 0.952272 0.290663 0.966891 0.292567 0.971624 0.289337 0.967248 0.295532 0.961229 0.291862 0.963771 0.29152 0.962814 0.291983 0.965467 0.295582 0.968046 0.291514 0.96624 0.291514 0.96624 0.294411 0.969788 0.290663 0.966891 0.291231 0.965982 0.290663 0.966891 0.290462 0.966468 0.296785 0.96458 0.296235 0.966311 0.296424 0.964585 0.287496 0.966803 0.285313 0.977607 0.285305 0.964525 0.291188 0.963042 0.290751 0.962008 0.29152 0.962814 0.290504 0.962417 0.289459 0.96143 0.290751 0.962008 0.290462 0.966468 0.289337 0.967248 0.289328 0.966642 0.292999 0.972104 0.289786 0.973885 0.292567 0.971624 0.289372 0.962062 0.287398 0.961434 0.289459 0.96143 0.287409 0.952272 0.287398 0.961434 0.285544 0.963386 0.294471 0.959599 0.29152 0.962814 0.290751 0.962008 0.289337 0.967248 0.289786 0.973885 0.287496 0.966803 0.292938 0.957886 0.290751 0.962008 0.289459 0.96143 0.294808 0.959351 0.292938 0.957886 0.293309 0.957545 0.289328 0.966642 0.287496 0.966803 0.287954 0.966042 0.294784 0.970093 0.292567 0.971624 0.294411 0.969788 0.291767 0.964657 0.291862 0.963771 0.292105 0.964617 0.291477 0.96391 0.29152 0.962814 0.291862 0.963771 0.296447 0.952711 0.292609 0.950184 0.2958 0.950051 0.296185 0.962887 0.292105 0.964617 0.291862 0.963771 0.296535 0.962796 0.295532 0.961229 0.29587 0.96106 0.293309 0.957545 0.290719 0.955797 0.291209 0.955346 0.287072 0.964061 0.287398 0.961434 0.287763 0.962223 0.292105 0.964617 0.296235 0.966311 0.291983 0.965467 0.296601 0.966399 0.295582 0.968046 0.296235 0.966311 0.287954 0.966042 0.285305 0.964525 0.287072 0.964061 0.286446 0.978354 0.289786 0.973885 0.290309 0.974472 0.290719 0.955797 0.289459 0.96143 0.287398 0.961434 0.296785 0.96458 0.296185 0.962887 0.296535 0.962796 0.291663 0.965358 0.291514 0.96624 0.291231 0.965982 0.360198 0.943508 0.609726 0.950395 0.360991 0.947274 0.299567 0.972908 0.295346 0.97401 0.2969 0.971515 0.300134 0.959424 0.298504 0.962346 0.297758 0.960231 0.295949 0.968234 0.294411 0.969788 0.295582 0.968046 0.296447 0.952711 0.295306 0.956129 0.29392 0.953564 0.297991 0.975392 0.293529 0.976925 0.295346 0.97401 0.300608 0.970268 0.298656 0.966849 0.301318 0.967524 0.301318 0.967524 0.29882 0.964567 0.301515 0.964705 0.298873 0.957184 0.295306 0.956129 0.297569 0.955047 0.296581 0.978116 0.291824 0.981089 0.293529 0.976925 0.299567 0.972908 0.298012 0.969154 0.300608 0.970268 0.298873 0.957184 0.297758 0.960231 0.296669 0.958205 0.356796 0.976739 0.610007 0.978912 0.356381 0.981013 0.355267 0.991612 0.610089 0.982885 0.61021 0.987557 0.359927 0.956451 0.609737 0.954414 0.609814 0.959071 0.355267 0.991612 0.610331 0.993177 0.354635 0.999702 0.301515 0.964705 0.298504 0.962346 0.301093 0.961946 0.358669 0.963481 0.609814 0.959071 0.609899 0.964673 0.357525 0.970782 0.609899 0.964673 0.609955 0.97028 0.354839 0.93009 0.61005 0.941715 0.358085 0.937881 0.360813 0.951027 0.609726 0.950395 0.609737 0.954414 0.357525 0.970782 0.609977 0.97494 0.356796 0.976739 0.358085 0.937881 0.609844 0.946377 0.360198 0.943508 0.355947 0.98534 0.610007 0.978912 0.610089 0.982885 0.672117 0.583839 0.676062 0.589743 0.668773 0.600653 0.10171 0.821359 0.08849078 0.83592 0.08610159 0.828233 0.08129388 0.765656 0.06230556 0.773893 0.06375247 0.764622 0.09723079 0.813274 0.08610159 0.828233 0.08306735 0.821034 0.08250451 0.758232 0.06375247 0.764622 0.0657714 0.756098 0.09723079 0.813274 0.07815176 0.81456 0.09286659 0.806442 0.08250451 0.758232 0.06593686 0.747323 0.08385008 0.750218 0.08898848 0.799976 0.07815176 0.81456 0.07501965 0.807126 0.08570778 0.741492 0.06593686 0.747323 0.06836068 0.738766 0.08898848 0.799976 0.07018309 0.800162 0.08572548 0.793598 0.08570778 0.741492 0.06873959 0.729935 0.08786249 0.731548 0.08572548 0.793598 0.06561368 0.792121 0.08310759 0.786992 0.08786249 0.731548 0.06843078 0.720704 0.08959209 0.719356 0.08184826 0.78001 0.06561368 0.792121 0.06483638 0.782921 0.11023 0.843893 0.08849078 0.83592 0.106349 0.831184 0.08939397 0.70385 0.06843078 0.720704 0.0670886 0.7111 0.316603 0.957408 0.338536 0.954102 0.316903 0.959748 0.315931 0.971519 0.332493 0.976704 0.3157 0.973652 0.315125 0.981153 0.331148 0.984657 0.330258 0.99074 0.316603 0.957408 0.337365 0.948876 0.338685 0.951348 0.316171 0.96888 0.333101 0.973542 0.315931 0.971519 0.31676 0.962559 0.335678 0.96338 0.316464 0.96575 0.315252 0.978284 0.331923 0.979876 0.331148 0.984657 0.315777 0.955183 0.334426 0.945656 0.337365 0.948876 0.316464 0.96575 0.334144 0.968918 0.316171 0.96888 0.316903 0.959748 0.337352 0.958139 0.31676 0.962559 0.31546 0.975753 0.332493 0.976704 0.331923 0.979876 0.314464 0.952731 0.33015 0.941424 0.334426 0.945656 0.300727 0.894713 0.30138 0.896807 0.300562 0.896658 0.300562 0.896658 0.300773 0.898977 0.299937 0.898643 0.300773 0.898977 0.298812 0.900697 0.299937 0.898643 0.298812 0.900697 0.298129 0.903754 0.2971 0.903008 0.298129 0.903754 0.294572 0.905856 0.2971 0.903008 0.294572 0.905856 0.293659 0.911862 0.29132 0.910502 0.292593 0.880279 0.296315 0.883516 0.295127 0.884274 0.296315 0.883516 0.297185 0.886875 0.295127 0.884274 0.298111 0.886236 0.298714 0.888977 0.297185 0.886875 0.299524 0.888489 0.299796 0.890911 0.298714 0.888977 0.300873 0.881919 0.317772 0.879812 0.319196 0.882496 0.299796 0.890911 0.301248 0.89262 0.300464 0.892806 0.300464 0.892806 0.301528 0.894684 0.300727 0.894713 0.293736 0.897002 0.28982 0.891961 0.294821 0.894041 0.302747 0.897072 0.301528 0.894684 0.302871 0.894674 0.302747 0.897072 0.300773 0.898977 0.30138 0.896807 0.30114 0.902016 0.300773 0.898977 0.302155 0.899513 0.299768 0.904751 0.299697 0.901231 0.30114 0.902016 0.298205 0.90798 0.298129 0.903754 0.299768 0.904751 0.298205 0.90798 0.293659 0.911862 0.296039 0.906868 0.297208 0.879119 0.296315 0.883516 0.294554 0.879286 0.298178 0.882655 0.298111 0.886236 0.296315 0.883516 0.300823 0.887836 0.298111 0.886236 0.299461 0.885481 0.300823 0.887836 0.300579 0.890578 0.299524 0.888489 0.302555 0.892376 0.300579 0.890578 0.301876 0.89013 0.302871 0.894674 0.301248 0.89262 0.302555 0.892376 0.339319 0.875515 0.359744 0.86003 0.362967 0.867805 0.303815 0.903351 0.32026 0.905815 0.30267 0.906107 0.305001 0.891852 0.321569 0.889638 0.321416 0.892479 0.305519 0.897692 0.321128 0.8957 0.320862 0.898864 0.301945 0.884371 0.319196 0.882496 0.320483 0.885002 0.30267 0.906107 0.320113 0.908362 0.301378 0.908952 0.305625 0.894727 0.321416 0.892479 0.321128 0.8957 0.305519 0.897692 0.320654 0.901532 0.304853 0.900583 0.303331 0.88663 0.320483 0.885002 0.321288 0.887269 0.301378 0.908952 0.320058 0.911238 0.300976 0.912142 0.304853 0.900583 0.320457 0.903691 0.303815 0.903351 0.304362 0.889107 0.321288 0.887269 0.321569 0.889638 0.811185 0.887195 0.90983 0.885488 0.909795 0.888842 0.336827 0.90978 0.361258 0.910851 0.360832 0.915169 0.3434 0.883982 0.364788 0.886344 0.342204 0.888024 0.340524 0.893269 0.362388 0.900643 0.338996 0.89881 0.342243 0.878748 0.362967 0.867805 0.365068 0.873422 0.336086 0.91456 0.360832 0.915169 0.360165 0.921426 0.342204 0.888024 0.363528 0.893359 0.340524 0.893269 0.338996 0.89881 0.361667 0.906585 0.33797 0.903438 0.343556 0.881225 0.365068 0.873422 0.365857 0.877182 0.335243 0.920632 0.360165 0.921426 0.35955 0.929494 0.33797 0.903438 0.361258 0.910851 0.337378 0.906604 0.343556 0.881225 0.365676 0.88093 0.3434 0.883982 0.667679 0.606438 0.668914 0.603503 0.6769 0.605114 0.811638 0.873057 0.910026 0.879122 0.811461 0.876768 0.811457 0.90863 0.909947 0.903482 0.910014 0.906836 0.811208 0.890769 0.909795 0.888842 0.909804 0.891856 0.811293 0.8982 0.909833 0.894485 0.909863 0.897114 0.811461 0.876768 0.909912 0.882134 0.811309 0.880339 0.811547 0.912203 0.910014 0.906836 0.910085 0.909849 0.811251 0.894485 0.909804 0.891856 0.909833 0.894485 0.811293 0.8982 0.909897 0.900128 0.811333 0.901774 0.811309 0.880339 0.90983 0.885488 0.811213 0.883766 0.811547 0.912203 0.910147 0.912477 0.811638 0.915917 0.811333 0.901774 0.909947 0.903482 0.811384 0.905202 0.299796 0.890911 0.298328 0.88923 0.298714 0.888977 0.295075 0.895675 0.295552 0.894827 0.295442 0.895787 0.295127 0.884274 0.291606 0.880587 0.292593 0.880279 0.294004 0.897489 0.296586 0.902548 0.292468 0.898068 0.299421 0.891082 0.295257 0.893876 0.294856 0.89277 0.295442 0.895787 0.299537 0.898461 0.294944 0.896684 0.294944 0.896684 0.298391 0.900402 0.294004 0.897489 0.294608 0.896402 0.294004 0.897489 0.293736 0.897002 0.300727 0.894713 0.300169 0.896575 0.30034 0.894721 0.289961 0.897913 0.29004 0.909955 0.285305 0.895822 0.294468 0.893038 0.293959 0.891809 0.294856 0.89277 0.293633 0.892287 0.292354 0.891038 0.293959 0.891809 0.293736 0.897002 0.292468 0.898068 0.292386 0.897312 0.2971 0.903008 0.29393 0.905325 0.296586 0.902548 0.28982 0.891961 0.292354 0.891038 0.292208 0.891856 0.291606 0.880587 0.289627 0.890738 0.285918 0.892049 0.298328 0.88923 0.294856 0.89277 0.293959 0.891809 0.292468 0.898068 0.29393 0.905325 0.289961 0.897913 0.296746 0.887219 0.293959 0.891809 0.292354 0.891038 0.298714 0.888977 0.296746 0.887219 0.297185 0.886875 0.292386 0.897312 0.289961 0.897913 0.290399 0.896712 0.298812 0.900697 0.296586 0.902548 0.298391 0.900402 0.295171 0.894879 0.295257 0.893876 0.295552 0.894827 0.294821 0.894041 0.294856 0.89277 0.295257 0.893876 0.300873 0.881919 0.297208 0.879119 0.300377 0.879202 0.300086 0.892898 0.295552 0.894827 0.295257 0.893876 0.299796 0.890911 0.300086 0.892898 0.299421 0.891082 0.297185 0.886875 0.29454 0.884701 0.295127 0.884274 0.287238 0.893862 0.289627 0.890738 0.28982 0.891961 0.295552 0.894827 0.300169 0.896575 0.295442 0.895787 0.300562 0.896658 0.299537 0.898461 0.300169 0.896575 0.290399 0.896712 0.285305 0.895822 0.287238 0.893862 0.294572 0.905856 0.29004 0.909955 0.29393 0.905325 0.29454 0.884701 0.292354 0.891038 0.289627 0.890738 0.300464 0.892806 0.30034 0.894721 0.300086 0.892898 0.295075 0.895675 0.294944 0.896684 0.294608 0.896402 0.365068 0.873422 0.614056 0.880293 0.365857 0.877182 0.303815 0.903351 0.299768 0.904751 0.30114 0.902016 0.304362 0.889107 0.302555 0.892376 0.301876 0.89013 0.299937 0.898643 0.298391 0.900402 0.299537 0.898461 0.300873 0.881919 0.299461 0.885481 0.298178 0.882655 0.30267 0.906107 0.298205 0.90798 0.299768 0.904751 0.304853 0.900583 0.302747 0.897072 0.305519 0.897692 0.305519 0.897692 0.302871 0.894674 0.305625 0.894727 0.303331 0.88663 0.299461 0.885481 0.301945 0.884371 0.301378 0.908952 0.296932 0.912187 0.298205 0.90798 0.304853 0.900583 0.30114 0.902016 0.302155 0.899513 0.303331 0.88663 0.301876 0.89013 0.300823 0.887836 0.361667 0.906585 0.614336 0.908748 0.361258 0.910851 0.360165 0.921426 0.614418 0.912712 0.614538 0.917373 0.364788 0.886344 0.614066 0.884304 0.614143 0.88895 0.360165 0.921426 0.614659 0.922982 0.35955 0.929494 0.305625 0.894727 0.302555 0.892376 0.305001 0.891852 0.363528 0.893359 0.614143 0.88895 0.614228 0.894539 0.362388 0.900643 0.614228 0.894539 0.614284 0.900134 0.359744 0.86003 0.614378 0.871633 0.362967 0.867805 0.365676 0.88093 0.614056 0.880293 0.614066 0.884304 0.362388 0.900643 0.614306 0.904784 0.361667 0.906585 0.362967 0.867805 0.614173 0.876284 0.365068 0.873422 0.360832 0.915169 0.614336 0.908748 0.614418 0.912712 0.321288 0.887269 0.3434 0.883982 0.321569 0.889638 0.320654 0.901532 0.337378 0.906604 0.320457 0.903691 0.320058 0.911238 0.336086 0.91456 0.335243 0.920632 0.321288 0.887269 0.342243 0.878748 0.343556 0.881225 0.320862 0.898864 0.33797 0.903438 0.320654 0.901532 0.321416 0.892479 0.340524 0.893269 0.321128 0.8957 0.320113 0.908362 0.336827 0.90978 0.336086 0.91456 0.320483 0.885002 0.339319 0.875515 0.342243 0.878748 0.321128 0.8957 0.338996 0.89881 0.320862 0.898864 0.321569 0.889638 0.342204 0.888024 0.321416 0.892479 0.32026 0.905815 0.337378 0.906604 0.336827 0.90978 0.319196 0.882496 0.33507 0.871257 0.339319 0.875515 0.300727 0.824653 0.30138 0.826747 0.300563 0.826598 0.300563 0.826598 0.300773 0.828917 0.299937 0.828583 0.299937 0.828583 0.299698 0.83117 0.298812 0.830637 0.298812 0.830637 0.298129 0.833695 0.2971 0.832948 0.298129 0.833695 0.294572 0.835796 0.2971 0.832948 0.294572 0.835796 0.293659 0.841802 0.291321 0.840442 0.292593 0.810218 0.296315 0.813456 0.295127 0.814213 0.295127 0.814213 0.298112 0.816176 0.297185 0.816815 0.298112 0.816176 0.298714 0.818917 0.297185 0.816815 0.299524 0.818429 0.299797 0.820851 0.298714 0.818917 0.300873 0.811859 0.317772 0.809752 0.319196 0.812436 0.300579 0.820518 0.300464 0.822746 0.299797 0.820851 0.301248 0.82256 0.300727 0.824653 0.300464 0.822746 0.293736 0.826942 0.28982 0.821901 0.294821 0.82398 0.302747 0.827012 0.301529 0.824624 0.302871 0.824613 0.302155 0.829453 0.30138 0.826747 0.302747 0.827012 0.302155 0.829453 0.299698 0.83117 0.300773 0.828917 0.299768 0.834691 0.299698 0.83117 0.30114 0.831956 0.298205 0.83792 0.298129 0.833695 0.299768 0.834691 0.298205 0.83792 0.293659 0.841802 0.29604 0.836809 0.298179 0.812595 0.294554 0.809226 0.297208 0.809059 0.298179 0.812595 0.298112 0.816176 0.296315 0.813456 0.300823 0.817776 0.298112 0.816176 0.299461 0.815421 0.300823 0.817776 0.300579 0.820518 0.299524 0.818429 0.302555 0.822316 0.300579 0.820518 0.301876 0.82007 0.302871 0.824613 0.301248 0.82256 0.302555 0.822316 0.33932 0.805454 0.359746 0.78997 0.362969 0.797744 0.303815 0.833291 0.32026 0.835755 0.30267 0.836047 0.305002 0.821792 0.321569 0.819578 0.321416 0.822419 0.305519 0.827632 0.321128 0.82564 0.320863 0.828804 0.301945 0.81431 0.319196 0.812436 0.320484 0.814942 0.30267 0.836047 0.320114 0.838302 0.301378 0.838893 0.305626 0.824667 0.321416 0.822419 0.321128 0.82564 0.305519 0.827632 0.320654 0.831473 0.304853 0.830523 0.303332 0.81657 0.320484 0.814942 0.321288 0.817209 0.301378 0.838893 0.320058 0.841178 0.300976 0.842082 0.304853 0.830523 0.320457 0.833631 0.303815 0.833291 0.304362 0.819047 0.321288 0.817209 0.321569 0.819578 0.81119 0.817134 0.909832 0.815427 0.909796 0.818782 0.336828 0.83972 0.36126 0.840791 0.360834 0.845109 0.343401 0.813922 0.364789 0.816284 0.342205 0.817964 0.340524 0.823209 0.36239 0.830582 0.338997 0.82875 0.342244 0.808688 0.362969 0.797744 0.365069 0.803361 0.336087 0.8445 0.360834 0.845109 0.360167 0.851366 0.342205 0.817964 0.363529 0.823299 0.340524 0.823209 0.338997 0.82875 0.361668 0.836525 0.337971 0.833377 0.343557 0.811164 0.365069 0.803361 0.365858 0.807122 0.335244 0.850572 0.360167 0.851366 0.359551 0.859435 0.337971 0.833377 0.36126 0.840791 0.337378 0.836544 0.343557 0.811164 0.365678 0.810869 0.343401 0.813922 0.685878 0.58632 0.685878 0.589504 0.677893 0.584708 0.811643 0.802997 0.910028 0.809062 0.811466 0.806708 0.811462 0.838569 0.909949 0.833421 0.910016 0.836775 0.811212 0.820709 0.909796 0.818782 0.909806 0.821795 0.811298 0.828139 0.909835 0.824425 0.909865 0.827053 0.811466 0.806708 0.909914 0.812074 0.811314 0.810279 0.811552 0.842142 0.910016 0.836775 0.910087 0.839787 0.811255 0.824424 0.909806 0.821795 0.909835 0.824425 0.811298 0.828139 0.909899 0.830067 0.811338 0.831713 0.811314 0.810279 0.909832 0.815427 0.811218 0.813706 0.811552 0.842142 0.910149 0.842415 0.811643 0.845855 0.811338 0.831713 0.909949 0.833421 0.811389 0.835141 0.299797 0.820851 0.298328 0.81917 0.298714 0.818917 0.295076 0.825615 0.295553 0.824767 0.295442 0.825727 0.295127 0.814213 0.291606 0.810526 0.292593 0.810218 0.294004 0.827429 0.296586 0.832488 0.292469 0.828008 0.299422 0.821022 0.295257 0.823816 0.294856 0.82271 0.295442 0.825727 0.299537 0.828401 0.294944 0.826624 0.294944 0.826624 0.298391 0.830342 0.294004 0.827429 0.294608 0.826342 0.294004 0.827429 0.293736 0.826942 0.300563 0.826598 0.300341 0.824661 0.300727 0.824653 0.289961 0.827852 0.29004 0.839895 0.285305 0.825761 0.294468 0.822978 0.293959 0.821749 0.294856 0.82271 0.293633 0.822227 0.292354 0.820978 0.293959 0.821749 0.293736 0.826942 0.292469 0.828008 0.292386 0.827252 0.2971 0.832948 0.29393 0.835265 0.296586 0.832488 0.292208 0.821796 0.289627 0.820678 0.292354 0.820978 0.291606 0.810526 0.289627 0.820678 0.285918 0.821989 0.298328 0.81917 0.294856 0.82271 0.293959 0.821749 0.292469 0.828008 0.29393 0.835265 0.289961 0.827852 0.296746 0.817159 0.293959 0.821749 0.292354 0.820978 0.298714 0.818917 0.296746 0.817159 0.297185 0.816815 0.292386 0.827252 0.289961 0.827852 0.2904 0.826652 0.2971 0.832948 0.298391 0.830342 0.298812 0.830637 0.295171 0.824819 0.295257 0.823816 0.295553 0.824767 0.294821 0.82398 0.294856 0.82271 0.295257 0.823816 0.300873 0.811859 0.297208 0.809059 0.300378 0.809142 0.300087 0.822837 0.295553 0.824767 0.295257 0.823816 0.300464 0.822746 0.299422 0.821022 0.299797 0.820851 0.297185 0.816815 0.29454 0.814641 0.295127 0.814213 0.287238 0.823802 0.289627 0.820678 0.28982 0.821901 0.295553 0.824767 0.300169 0.826515 0.295442 0.825727 0.300563 0.826598 0.299537 0.828401 0.300169 0.826515 0.2904 0.826652 0.285305 0.825761 0.287238 0.823802 0.294572 0.835796 0.29004 0.839895 0.29393 0.835265 0.29454 0.814641 0.292354 0.820978 0.289627 0.820678 0.300464 0.822746 0.300341 0.824661 0.300087 0.822837 0.295076 0.825615 0.294944 0.826624 0.294608 0.826342 0.365069 0.803361 0.614061 0.810232 0.365858 0.807122 0.30267 0.836047 0.30114 0.831956 0.303815 0.833291 0.304362 0.819047 0.302555 0.822316 0.301876 0.82007 0.299937 0.828583 0.298391 0.830342 0.299537 0.828401 0.300873 0.811859 0.299461 0.815421 0.298179 0.812595 0.30267 0.836047 0.298205 0.83792 0.299768 0.834691 0.304853 0.830523 0.302747 0.827012 0.305519 0.827632 0.305519 0.827632 0.302871 0.824613 0.305626 0.824667 0.303332 0.81657 0.299461 0.815421 0.301945 0.81431 0.301378 0.838893 0.296932 0.842127 0.298205 0.83792 0.303815 0.833291 0.302155 0.829453 0.304853 0.830523 0.303332 0.81657 0.301876 0.82007 0.300823 0.817776 0.361668 0.836525 0.614341 0.838688 0.36126 0.840791 0.360167 0.851366 0.614423 0.842652 0.614544 0.847313 0.364789 0.816284 0.614071 0.814243 0.614148 0.818889 0.360167 0.851366 0.614664 0.852922 0.359551 0.859435 0.305002 0.821792 0.302871 0.824613 0.302555 0.822316 0.363529 0.823299 0.614148 0.818889 0.614233 0.82448 0.36239 0.830582 0.614233 0.82448 0.614289 0.830074 0.359746 0.78997 0.614384 0.801572 0.362969 0.797744 0.365678 0.810869 0.614061 0.810232 0.614071 0.814243 0.36239 0.830582 0.614311 0.834724 0.361668 0.836525 0.362969 0.797744 0.614179 0.806224 0.365069 0.803361 0.360834 0.845109 0.614341 0.838688 0.614423 0.842652 0.321288 0.817209 0.343401 0.813922 0.321569 0.819578 0.320654 0.831473 0.337378 0.836544 0.320457 0.833631 0.320058 0.841178 0.336087 0.8445 0.335244 0.850572 0.321288 0.817209 0.342244 0.808688 0.343557 0.811164 0.320863 0.828804 0.337971 0.833377 0.320654 0.831473 0.321416 0.822419 0.340524 0.823209 0.321128 0.82564 0.320114 0.838302 0.336828 0.83972 0.336087 0.8445 0.320484 0.814942 0.33932 0.805454 0.342244 0.808688 0.321128 0.82564 0.338997 0.82875 0.320863 0.828804 0.321569 0.819578 0.342205 0.817964 0.321416 0.822419 0.32026 0.835755 0.337378 0.836544 0.336828 0.83972 0.319196 0.812436 0.335071 0.801197 0.33932 0.805454 0.609977 0.97494 0.708721 0.97721 0.610007 0.978912 0.70867 0.973677 0.807489 0.975358 0.708721 0.97721 0.61021 0.987557 0.709019 0.989801 0.610331 0.993177 0.708902 0.984972 0.807744 0.986096 0.709019 0.989801 0.609844 0.946377 0.708498 0.952027 0.609726 0.950395 0.708603 0.948495 0.807318 0.953876 0.708498 0.952027 0.609955 0.97028 0.70867 0.973677 0.609977 0.97494 0.708624 0.969447 0.807438 0.971923 0.70867 0.973677 0.609899 0.964673 0.708513 0.959791 0.708569 0.964619 0.708569 0.964619 0.807312 0.960894 0.807355 0.964617 0.61021 0.987557 0.708797 0.980742 0.708902 0.984972 0.708902 0.984972 0.807562 0.978793 0.807652 0.982374 0.61005 0.941715 0.708603 0.948495 0.609844 0.946377 0.708789 0.944267 0.807414 0.950442 0.708603 0.948495 0.609955 0.97028 0.708569 0.964619 0.708624 0.969447 0.708624 0.969447 0.807355 0.964617 0.807398 0.968341 0.609814 0.959071 0.708477 0.95556 0.708513 0.959791 0.708513 0.959791 0.807289 0.957312 0.807312 0.960894 0.610089 0.982885 0.708721 0.97721 0.708797 0.980742 0.708797 0.980742 0.807489 0.975358 0.807562 0.978793 0.610289 0.9361 0.708789 0.944267 0.61005 0.941715 0.709018 0.939442 0.807566 0.946863 0.708789 0.944267 0.609737 0.954414 0.708498 0.952027 0.708477 0.95556 0.708477 0.95556 0.807318 0.953876 0.807289 0.957312 0.614306 0.904784 0.712834 0.907049 0.614336 0.908748 0.712783 0.903525 0.811384 0.905202 0.712834 0.907049 0.614538 0.917373 0.713131 0.919612 0.614659 0.922982 0.713014 0.914794 0.811638 0.915917 0.713131 0.919612 0.614173 0.876284 0.712611 0.881922 0.614056 0.880293 0.712716 0.878398 0.811213 0.883766 0.712611 0.881922 0.614284 0.900134 0.712783 0.903525 0.614306 0.904784 0.712737 0.899304 0.811333 0.901774 0.712783 0.903525 0.614228 0.894539 0.712627 0.889668 0.712682 0.894486 0.712682 0.894486 0.811208 0.890769 0.811251 0.894485 0.614538 0.917373 0.712909 0.910573 0.713014 0.914794 0.713014 0.914794 0.811457 0.90863 0.811547 0.912203 0.614378 0.871633 0.712716 0.878398 0.614173 0.876284 0.712902 0.874179 0.811309 0.880339 0.712716 0.878398 0.614284 0.900134 0.712682 0.894486 0.712737 0.899304 0.712737 0.899304 0.811251 0.894485 0.811293 0.8982 0.614143 0.88895 0.712591 0.885447 0.712627 0.889668 0.712627 0.889668 0.811185 0.887195 0.811208 0.890769 0.614418 0.912712 0.712834 0.907049 0.712909 0.910573 0.712909 0.910573 0.811384 0.905202 0.811457 0.90863 0.614617 0.866029 0.712902 0.874179 0.614378 0.871633 0.71313 0.869364 0.811461 0.876768 0.712902 0.874179 0.614066 0.884304 0.712611 0.881922 0.712591 0.885447 0.712591 0.885447 0.811213 0.883766 0.811185 0.887195 0.614311 0.834724 0.712838 0.836989 0.614341 0.838688 0.712788 0.833464 0.811389 0.835141 0.712838 0.836989 0.614544 0.847313 0.713136 0.849552 0.614664 0.852922 0.713018 0.844733 0.811643 0.845855 0.713136 0.849552 0.614179 0.806224 0.712616 0.811861 0.614061 0.810232 0.712721 0.808337 0.811218 0.813706 0.712616 0.811861 0.614289 0.830074 0.712788 0.833464 0.614311 0.834724 0.712741 0.829243 0.811338 0.831713 0.712788 0.833464 0.614233 0.82448 0.712631 0.819608 0.712687 0.824425 0.712687 0.824425 0.811212 0.820709 0.811255 0.824424 0.614544 0.847313 0.712914 0.840513 0.713018 0.844733 0.713018 0.844733 0.811462 0.838569 0.811552 0.842142 0.614384 0.801572 0.712721 0.808337 0.614179 0.806224 0.712907 0.804119 0.811314 0.810279 0.712721 0.808337 0.614289 0.830074 0.712687 0.824425 0.712741 0.829243 0.712741 0.829243 0.811255 0.824424 0.811298 0.828139 0.614148 0.818889 0.712595 0.815387 0.712631 0.819608 0.712631 0.819608 0.81119 0.817134 0.811212 0.820709 0.614423 0.842652 0.712838 0.836989 0.712914 0.840513 0.712914 0.840513 0.811389 0.835141 0.811462 0.838569 0.614622 0.795969 0.712907 0.804119 0.614384 0.801572 0.713135 0.799303 0.811466 0.806708 0.712907 0.804119 0.614071 0.814243 0.712616 0.811861 0.712595 0.815387 0.712595 0.815387 0.811218 0.813706 0.81119 0.817134 0.111224 0.802804 0.118641 0.808923 0.10171 0.821359 0.08184826 0.78001 0.06483638 0.782921 0.06230556 0.773893 0.09730648 0.761637 0.09583926 0.767397 0.08129388 0.765656 0.111224 0.802804 0.09723079 0.813274 0.09286659 0.806442 0.09730648 0.761637 0.08250451 0.758232 0.08385008 0.750218 0.101813 0.792574 0.105849 0.797622 0.09286659 0.806442 0.104056 0.748624 0.100009 0.755428 0.08385008 0.750218 0.101813 0.792574 0.08898848 0.799976 0.08572548 0.793598 0.104056 0.748624 0.08570778 0.741492 0.08786249 0.731548 0.09880638 0.787825 0.08572548 0.793598 0.08310759 0.786992 0.110071 0.739792 0.08786249 0.731548 0.08959209 0.719356 0.09568428 0.777898 0.09684705 0.782867 0.08310759 0.786992 0.142871 0.830044 0.11023 0.843893 0.106349 0.831184 0.131108 0.708128 0.118621 0.728372 0.08959209 0.719356 0.09568428 0.777898 0.08184826 0.78001 0.08084756 0.772923 0.118641 0.808923 0.128505 0.81661 0.106349 0.831184 0.09583926 0.767397 0.09537369 0.772788 0.08084756 0.772923 0.136277 0.773632 0.1306959 0.780775 0.124379 0.784292 0.124379 0.784292 0.118919 0.784943 0.136277 0.773632 0.118919 0.784943 0.114529 0.783984 0.136277 0.773632 0.114529 0.783984 0.111233 0.782801 0.107215 0.776217 0.111233 0.782801 0.108985 0.781036 0.107215 0.776217 0.108985 0.781036 0.107645 0.778833 0.107215 0.776217 0.107215 0.776217 0.107028 0.773547 0.107843 0.771042 0.107843 0.771042 0.109657 0.768775 0.107215 0.776217 0.109657 0.768775 0.112706 0.766824 0.107215 0.776217 0.112706 0.766824 0.117051 0.764964 0.136277 0.773632 0.117051 0.764964 0.122839 0.764691 0.136277 0.773632 0.122839 0.764691 0.130201 0.767546 0.136277 0.773632 0.136277 0.773632 0.114529 0.783984 0.112706 0.766824 0.136277 0.773632 0.150299 0.771884 0.133987 0.785348 0.124379 0.784292 0.1306959 0.780775 0.133987 0.785348 0.124379 0.784292 0.125005 0.788086 0.1186439 0.787803 0.114529 0.783984 0.118919 0.784943 0.1186439 0.787803 0.114529 0.783984 0.1137 0.786353 0.110183 0.784456 0.108985 0.781036 0.111233 0.782801 0.110183 0.784456 0.108985 0.781036 0.107707 0.78212 0.106171 0.779423 0.107215 0.776217 0.107645 0.778833 0.106171 0.779423 0.107215 0.776217 0.105518 0.776409 0.105462 0.773347 0.107843 0.771042 0.107028 0.773547 0.105462 0.773347 0.107843 0.771042 0.106277 0.770294 0.108259 0.767385 0.112706 0.766824 0.109657 0.768775 0.108259 0.767385 0.112706 0.766824 0.111328 0.764628 0.116085 0.762023 0.122839 0.764691 0.117051 0.764964 0.116085 0.762023 0.122839 0.764691 0.122906 0.760577 0.13296 0.761832 0.136277 0.773632 0.130201 0.767546 0.13296 0.761832 0.105462 0.773347 0.101238 0.773018 0.102028 0.768843 0.101238 0.773018 0.09537369 0.772788 0.09583926 0.767397 0.133987 0.785348 0.136358 0.800085 0.124389 0.797563 0.136358 0.800085 0.128505 0.81661 0.118641 0.808923 0.105518 0.776409 0.101328 0.777079 0.101238 0.773018 0.101328 0.777079 0.09568428 0.777898 0.09537369 0.772788 0.13296 0.761832 0.1317 0.744412 0.157585 0.735797 0.157585 0.735797 0.1317 0.744412 0.118621 0.728372 0.150299 0.771884 0.157585 0.80278 0.136358 0.800085 0.157585 0.80278 0.142871 0.830044 0.128505 0.81661 0.106171 0.779423 0.1023499 0.781015 0.101328 0.777079 0.101328 0.777079 0.1023499 0.781015 0.09684705 0.782867 0.122906 0.760577 0.119316 0.750383 0.1317 0.744412 0.1317 0.744412 0.119316 0.750383 0.110071 0.739792 0.107707 0.78212 0.104243 0.784708 0.1023499 0.781015 0.1023499 0.781015 0.104243 0.784708 0.09880638 0.787825 0.116085 0.762023 0.111895 0.755249 0.119316 0.750383 0.111895 0.755249 0.104056 0.748624 0.110071 0.739792 0.110183 0.784456 0.107033 0.788306 0.104243 0.784708 0.107033 0.788306 0.101813 0.792574 0.09880638 0.787825 0.111328 0.764628 0.10704 0.76017 0.111895 0.755249 0.111895 0.755249 0.10704 0.76017 0.100009 0.755428 0.1137 0.786353 0.111062 0.791563 0.107033 0.788306 0.107033 0.788306 0.111062 0.791563 0.105849 0.797622 0.108259 0.767385 0.103903 0.76455 0.10704 0.76017 0.103903 0.76455 0.09730648 0.761637 0.100009 0.755428 0.1186439 0.787803 0.116661 0.794894 0.111062 0.791563 0.116661 0.794894 0.111224 0.802804 0.105849 0.797622 0.106277 0.770294 0.102028 0.768843 0.103903 0.76455 0.103903 0.76455 0.102028 0.768843 0.09583926 0.767397 0.125005 0.788086 0.124389 0.797563 0.116661 0.794894 0.116661 0.794894 0.124389 0.797563 0.118641 0.808923 0.296785 0.96458 0.297539 0.964561 0.297365 0.96656 0.296601 0.966399 0.297365 0.96656 0.296719 0.968585 0.296719 0.968585 0.295578 0.970655 0.294784 0.970093 0.294784 0.970093 0.295578 0.970655 0.293888 0.972904 0.293888 0.972904 0.291569 0.975634 0.290309 0.974472 0.291569 0.975634 0.288489 0.980056 0.286446 0.978354 0.288332 0.951855 0.289927 0.950656 0.292254 0.954557 0.291209 0.955346 0.292254 0.954557 0.294108 0.956904 0.294108 0.956904 0.295517 0.958869 0.294808 0.959351 0.294808 0.959351 0.295517 0.958869 0.296577 0.960719 0.296447 0.952711 0.2958 0.950051 0.313004 0.95011 0.296577 0.960719 0.297266 0.962608 0.296535 0.962796 0.296535 0.962796 0.297266 0.962608 0.297539 0.964561 0.291477 0.96391 0.291767 0.964657 0.291663 0.965358 0.291663 0.965358 0.291231 0.965982 0.291477 0.96391 0.291231 0.965982 0.290462 0.966468 0.291477 0.96391 0.290462 0.966468 0.289328 0.966642 0.287763 0.962223 0.289328 0.966642 0.287954 0.966042 0.287763 0.962223 0.287954 0.966042 0.287072 0.964061 0.287763 0.962223 0.287763 0.962223 0.289372 0.962062 0.291477 0.96391 0.289372 0.962062 0.290504 0.962417 0.291477 0.96391 0.290504 0.962417 0.291188 0.963042 0.291477 0.96391 0.298656 0.966849 0.297365 0.96656 0.297539 0.964561 0.298012 0.969154 0.296719 0.968585 0.297365 0.96656 0.2969 0.971515 0.295578 0.970655 0.296719 0.968585 0.295346 0.97401 0.293888 0.972904 0.295578 0.970655 0.293529 0.976925 0.291569 0.975634 0.293888 0.972904 0.293529 0.976925 0.291824 0.981089 0.288489 0.980056 0.29392 0.953564 0.292254 0.954557 0.289927 0.950656 0.29392 0.953564 0.295306 0.956129 0.294108 0.956904 0.296669 0.958205 0.295517 0.958869 0.294108 0.956904 0.296669 0.958205 0.297758 0.960231 0.296577 0.960719 0.297758 0.960231 0.298504 0.962346 0.297266 0.962608 0.298504 0.962346 0.29882 0.964567 0.297539 0.964561 0.334426 0.945656 0.33015 0.941424 0.354839 0.93009 0.299567 0.972908 0.3157 0.973652 0.31546 0.975753 0.301093 0.961946 0.300134 0.959424 0.316903 0.959748 0.301318 0.967524 0.301515 0.964705 0.316464 0.96575 0.297569 0.955047 0.296447 0.952711 0.314464 0.952731 0.297991 0.975392 0.31546 0.975753 0.315252 0.978284 0.301515 0.964705 0.301093 0.961946 0.31676 0.962559 0.301318 0.967524 0.316171 0.96888 0.315931 0.971519 0.298873 0.957184 0.297569 0.955047 0.315777 0.955183 0.296581 0.978116 0.315252 0.978284 0.315125 0.981153 0.300608 0.970268 0.315931 0.971519 0.3157 0.973652 0.300134 0.959424 0.298873 0.957184 0.316603 0.957408 0.807289 0.957312 0.807318 0.953876 0.906147 0.955601 0.331923 0.979876 0.332493 0.976704 0.356381 0.981013 0.338536 0.954102 0.360813 0.951027 0.359927 0.956451 0.335678 0.96338 0.358669 0.963481 0.357525 0.970782 0.337365 0.948876 0.334426 0.945656 0.358085 0.937881 0.331148 0.984657 0.331923 0.979876 0.355947 0.98534 0.337352 0.958139 0.359927 0.956451 0.358669 0.963481 0.334144 0.968918 0.357525 0.970782 0.356796 0.976739 0.338685 0.951348 0.337365 0.948876 0.360198 0.943508 0.330258 0.99074 0.331148 0.984657 0.355267 0.991612 0.333101 0.973542 0.356796 0.976739 0.356381 0.981013 0.338685 0.951348 0.360991 0.947274 0.360813 0.951027 0.667084 0.609623 0.665848 0.612204 0.661238 0.613135 0.665848 0.612204 0.663709 0.613489 0.661238 0.613135 0.661238 0.613135 0.659099 0.611235 0.667084 0.609623 0.659099 0.611235 0.657863 0.608299 0.667084 0.609623 0.657863 0.608299 0.657863 0.605114 0.667084 0.606438 0.667084 0.609623 0.657863 0.608299 0.667084 0.606438 0.657863 0.605114 0.659099 0.602534 0.663709 0.601603 0.659099 0.602534 0.661238 0.601248 0.663709 0.601603 0.663709 0.601603 0.665848 0.603503 0.657863 0.605114 0.807744 0.943144 0.906465 0.946589 0.906343 0.949222 0.807562 0.978793 0.807489 0.975358 0.906264 0.973634 0.807312 0.960894 0.807289 0.957312 0.906111 0.958963 0.807398 0.968341 0.807355 0.964617 0.90615 0.964618 0.807566 0.946863 0.906343 0.949222 0.906229 0.95224 0.807652 0.982374 0.807562 0.978793 0.906331 0.976996 0.807355 0.964617 0.807312 0.960894 0.90612 0.961983 0.807398 0.968341 0.90618 0.967253 0.906214 0.970273 0.807414 0.950442 0.906229 0.95224 0.906147 0.955601 0.807652 0.982374 0.906402 0.980015 0.906465 0.982649 0.807438 0.971923 0.906214 0.970273 0.906264 0.973634 0.29587 0.96106 0.295532 0.961229 0.294471 0.959599 0.291767 0.964657 0.292105 0.964617 0.291983 0.965467 0.288332 0.951855 0.291209 0.955346 0.290719 0.955797 0.290663 0.966891 0.294411 0.969788 0.292567 0.971624 0.295532 0.961229 0.296185 0.962887 0.291862 0.963771 0.291983 0.965467 0.296235 0.966311 0.295582 0.968046 0.291514 0.96624 0.295582 0.968046 0.294411 0.969788 0.291231 0.965982 0.291514 0.96624 0.290663 0.966891 0.296785 0.96458 0.296601 0.966399 0.296235 0.966311 0.287496 0.966803 0.289786 0.973885 0.285313 0.977607 0.291188 0.963042 0.290504 0.962417 0.290751 0.962008 0.290504 0.962417 0.289372 0.962062 0.289459 0.96143 0.290462 0.966468 0.290663 0.966891 0.289337 0.967248 0.292999 0.972104 0.290309 0.974472 0.289786 0.973885 0.289372 0.962062 0.287763 0.962223 0.287398 0.961434 0.287409 0.952272 0.290719 0.955797 0.287398 0.961434 0.294471 0.959599 0.295532 0.961229 0.29152 0.962814 0.289337 0.967248 0.292567 0.971624 0.289786 0.973885 0.292938 0.957886 0.294471 0.959599 0.290751 0.962008 0.294808 0.959351 0.294471 0.959599 0.292938 0.957886 0.289328 0.966642 0.289337 0.967248 0.287496 0.966803 0.294784 0.970093 0.292999 0.972104 0.292567 0.971624 0.291767 0.964657 0.291477 0.96391 0.291862 0.963771 0.291477 0.96391 0.291188 0.963042 0.29152 0.962814 0.296447 0.952711 0.29392 0.953564 0.292609 0.950184 0.296185 0.962887 0.296424 0.964585 0.292105 0.964617 0.296535 0.962796 0.296185 0.962887 0.295532 0.961229 0.293309 0.957545 0.292938 0.957886 0.290719 0.955797 0.287072 0.964061 0.285544 0.963386 0.287398 0.961434 0.292105 0.964617 0.296424 0.964585 0.296235 0.966311 0.296601 0.966399 0.295949 0.968234 0.295582 0.968046 0.287954 0.966042 0.287496 0.966803 0.285305 0.964525 0.286446 0.978354 0.285313 0.977607 0.289786 0.973885 0.290719 0.955797 0.292938 0.957886 0.289459 0.96143 0.296785 0.96458 0.296424 0.964585 0.296185 0.962887 0.291663 0.965358 0.291983 0.965467 0.291514 0.96624 0.360198 0.943508 0.609844 0.946377 0.609726 0.950395 0.299567 0.972908 0.297991 0.975392 0.295346 0.97401 0.300134 0.959424 0.301093 0.961946 0.298504 0.962346 0.295949 0.968234 0.294784 0.970093 0.294411 0.969788 0.296447 0.952711 0.297569 0.955047 0.295306 0.956129 0.297991 0.975392 0.296581 0.978116 0.293529 0.976925 0.300608 0.970268 0.298012 0.969154 0.298656 0.966849 0.301318 0.967524 0.298656 0.966849 0.29882 0.964567 0.298873 0.957184 0.296669 0.958205 0.295306 0.956129 0.296581 0.978116 0.295971 0.981312 0.291824 0.981089 0.299567 0.972908 0.2969 0.971515 0.298012 0.969154 0.298873 0.957184 0.300134 0.959424 0.297758 0.960231 0.356796 0.976739 0.609977 0.97494 0.610007 0.978912 0.355267 0.991612 0.355947 0.98534 0.610089 0.982885 0.359927 0.956451 0.360813 0.951027 0.609737 0.954414 0.355267 0.991612 0.61021 0.987557 0.610331 0.993177 0.301515 0.964705 0.29882 0.964567 0.298504 0.962346 0.358669 0.963481 0.359927 0.956451 0.609814 0.959071 0.357525 0.970782 0.358669 0.963481 0.609899 0.964673 0.354839 0.93009 0.610289 0.9361 0.61005 0.941715 0.360813 0.951027 0.360991 0.947274 0.609726 0.950395 0.357525 0.970782 0.609955 0.97028 0.609977 0.97494 0.358085 0.937881 0.61005 0.941715 0.609844 0.946377 0.355947 0.98534 0.356381 0.981013 0.610007 0.978912 0.668773 0.600653 0.665153 0.600653 0.661808 0.599267 0.661808 0.599267 0.659249 0.596708 0.657863 0.593363 0.657863 0.593363 0.657863 0.589743 0.659248 0.586399 0.659248 0.586399 0.661808 0.583839 0.657863 0.593363 0.661808 0.583839 0.665153 0.582454 0.657863 0.593363 0.665153 0.582454 0.668773 0.582453 0.672117 0.583839 0.672117 0.583839 0.674677 0.586399 0.676062 0.589743 0.676062 0.589743 0.676062 0.593363 0.668773 0.600653 0.676062 0.593363 0.674677 0.596708 0.668773 0.600653 0.674677 0.596708 0.672117 0.599267 0.668773 0.600653 0.668773 0.600653 0.661808 0.599267 0.665153 0.582454 0.661808 0.599267 0.657863 0.593363 0.665153 0.582454 0.665153 0.582454 0.672117 0.583839 0.668773 0.600653 0.10171 0.821359 0.106349 0.831184 0.08849078 0.83592 0.08129388 0.765656 0.08084756 0.772923 0.06230556 0.773893 0.09723079 0.813274 0.10171 0.821359 0.08610159 0.828233 0.08250451 0.758232 0.08129388 0.765656 0.06375247 0.764622 0.09723079 0.813274 0.08306735 0.821034 0.07815176 0.81456 0.08250451 0.758232 0.0657714 0.756098 0.06593686 0.747323 0.08898848 0.799976 0.09286659 0.806442 0.07815176 0.81456 0.08570778 0.741492 0.08385008 0.750218 0.06593686 0.747323 0.08898848 0.799976 0.07501965 0.807126 0.07018309 0.800162 0.08570778 0.741492 0.06836068 0.738766 0.06873959 0.729935 0.08572548 0.793598 0.07018309 0.800162 0.06561368 0.792121 0.08786249 0.731548 0.06873959 0.729935 0.06843078 0.720704 0.08184826 0.78001 0.08310759 0.786992 0.06561368 0.792121 0.11023 0.843893 0.09004056 0.844123 0.08849078 0.83592 0.08939397 0.70385 0.08959209 0.719356 0.06843078 0.720704 0.316603 0.957408 0.338685 0.951348 0.338536 0.954102 0.315931 0.971519 0.333101 0.973542 0.332493 0.976704 0.315125 0.981153 0.315252 0.978284 0.331148 0.984657 0.316603 0.957408 0.315777 0.955183 0.337365 0.948876 0.316171 0.96888 0.334144 0.968918 0.333101 0.973542 0.31676 0.962559 0.337352 0.958139 0.335678 0.96338 0.315252 0.978284 0.31546 0.975753 0.331923 0.979876 0.315777 0.955183 0.314464 0.952731 0.334426 0.945656 0.316464 0.96575 0.335678 0.96338 0.334144 0.968918 0.316903 0.959748 0.338536 0.954102 0.337352 0.958139 0.31546 0.975753 0.3157 0.973652 0.332493 0.976704 0.314464 0.952731 0.313004 0.95011 0.33015 0.941424 0.300727 0.894713 0.301528 0.894684 0.30138 0.896807 0.300562 0.896658 0.30138 0.896807 0.300773 0.898977 0.300773 0.898977 0.299697 0.901231 0.298812 0.900697 0.298812 0.900697 0.299697 0.901231 0.298129 0.903754 0.298129 0.903754 0.296039 0.906868 0.294572 0.905856 0.294572 0.905856 0.296039 0.906868 0.293659 0.911862 0.292593 0.880279 0.294554 0.879286 0.296315 0.883516 0.296315 0.883516 0.298111 0.886236 0.297185 0.886875 0.298111 0.886236 0.299524 0.888489 0.298714 0.888977 0.299524 0.888489 0.300579 0.890578 0.299796 0.890911 0.300873 0.881919 0.300377 0.879202 0.317772 0.879812 0.299796 0.890911 0.300579 0.890578 0.301248 0.89262 0.300464 0.892806 0.301248 0.89262 0.301528 0.894684 0.294821 0.894041 0.295171 0.894879 0.295075 0.895675 0.295075 0.895675 0.294608 0.896402 0.294821 0.894041 0.294608 0.896402 0.293736 0.897002 0.294821 0.894041 0.293736 0.897002 0.292386 0.897312 0.290399 0.896712 0.290399 0.896712 0.287238 0.893862 0.293736 0.897002 0.287238 0.893862 0.28982 0.891961 0.293736 0.897002 0.28982 0.891961 0.292208 0.891856 0.294821 0.894041 0.292208 0.891856 0.293633 0.892287 0.294821 0.894041 0.293633 0.892287 0.294468 0.893038 0.294821 0.894041 0.302747 0.897072 0.30138 0.896807 0.301528 0.894684 0.302747 0.897072 0.302155 0.899513 0.300773 0.898977 0.30114 0.902016 0.299697 0.901231 0.300773 0.898977 0.299768 0.904751 0.298129 0.903754 0.299697 0.901231 0.298205 0.90798 0.296039 0.906868 0.298129 0.903754 0.298205 0.90798 0.296932 0.912187 0.293659 0.911862 0.297208 0.879119 0.298178 0.882655 0.296315 0.883516 0.298178 0.882655 0.299461 0.885481 0.298111 0.886236 0.300823 0.887836 0.299524 0.888489 0.298111 0.886236 0.300823 0.887836 0.301876 0.89013 0.300579 0.890578 0.302555 0.892376 0.301248 0.89262 0.300579 0.890578 0.302871 0.894674 0.301528 0.894684 0.301248 0.89262 0.339319 0.875515 0.33507 0.871257 0.359744 0.86003 0.303815 0.903351 0.320457 0.903691 0.32026 0.905815 0.305001 0.891852 0.304362 0.889107 0.321569 0.889638 0.305519 0.897692 0.305625 0.894727 0.321128 0.8957 0.301945 0.884371 0.300873 0.881919 0.319196 0.882496 0.30267 0.906107 0.32026 0.905815 0.320113 0.908362 0.305625 0.894727 0.305001 0.891852 0.321416 0.892479 0.305519 0.897692 0.320862 0.898864 0.320654 0.901532 0.303331 0.88663 0.301945 0.884371 0.320483 0.885002 0.301378 0.908952 0.320113 0.908362 0.320058 0.911238 0.304853 0.900583 0.320654 0.901532 0.320457 0.903691 0.304362 0.889107 0.303331 0.88663 0.321288 0.887269 0.811185 0.887195 0.811213 0.883766 0.90983 0.885488 0.336827 0.90978 0.337378 0.906604 0.361258 0.910851 0.3434 0.883982 0.365676 0.88093 0.364788 0.886344 0.340524 0.893269 0.363528 0.893359 0.362388 0.900643 0.342243 0.878748 0.339319 0.875515 0.362967 0.867805 0.336086 0.91456 0.336827 0.90978 0.360832 0.915169 0.342204 0.888024 0.364788 0.886344 0.363528 0.893359 0.338996 0.89881 0.362388 0.900643 0.361667 0.906585 0.343556 0.881225 0.342243 0.878748 0.365068 0.873422 0.335243 0.920632 0.336086 0.91456 0.360165 0.921426 0.33797 0.903438 0.361667 0.906585 0.361258 0.910851 0.343556 0.881225 0.365857 0.877182 0.365676 0.88093 0.668914 0.603503 0.671054 0.601603 0.6769 0.605114 0.671054 0.601603 0.673525 0.601248 0.675664 0.602534 0.6769 0.605114 0.671054 0.601603 0.675664 0.602534 0.6769 0.605114 0.6769 0.608299 0.667679 0.606438 0.6769 0.608299 0.675664 0.611235 0.667679 0.609623 0.675664 0.611235 0.673525 0.613135 0.667679 0.609623 0.673525 0.613135 0.671054 0.613489 0.668914 0.612204 0.667679 0.609623 0.673525 0.613135 0.668914 0.612204 0.667679 0.609623 0.667679 0.606438 0.6769 0.608299 0.811638 0.873057 0.910147 0.876496 0.910026 0.879122 0.811457 0.90863 0.811384 0.905202 0.909947 0.903482 0.811208 0.890769 0.811185 0.887195 0.909795 0.888842 0.811293 0.8982 0.811251 0.894485 0.909833 0.894485 0.811461 0.876768 0.910026 0.879122 0.909912 0.882134 0.811547 0.912203 0.811457 0.90863 0.910014 0.906836 0.811251 0.894485 0.811208 0.890769 0.909804 0.891856 0.811293 0.8982 0.909863 0.897114 0.909897 0.900128 0.811309 0.880339 0.909912 0.882134 0.90983 0.885488 0.811547 0.912203 0.910085 0.909849 0.910147 0.912477 0.811333 0.901774 0.909897 0.900128 0.909947 0.903482 0.299796 0.890911 0.299421 0.891082 0.298328 0.88923 0.295075 0.895675 0.295171 0.894879 0.295552 0.894827 0.295127 0.884274 0.29454 0.884701 0.291606 0.880587 0.294004 0.897489 0.298391 0.900402 0.296586 0.902548 0.299421 0.891082 0.300086 0.892898 0.295257 0.893876 0.295442 0.895787 0.300169 0.896575 0.299537 0.898461 0.294944 0.896684 0.299537 0.898461 0.298391 0.900402 0.294608 0.896402 0.294944 0.896684 0.294004 0.897489 0.300727 0.894713 0.300562 0.896658 0.300169 0.896575 0.289961 0.897913 0.29393 0.905325 0.29004 0.909955 0.294468 0.893038 0.293633 0.892287 0.293959 0.891809 0.293633 0.892287 0.292208 0.891856 0.292354 0.891038 0.293736 0.897002 0.294004 0.897489 0.292468 0.898068 0.2971 0.903008 0.294572 0.905856 0.29393 0.905325 0.28982 0.891961 0.289627 0.890738 0.292354 0.891038 0.291606 0.880587 0.29454 0.884701 0.289627 0.890738 0.298328 0.88923 0.299421 0.891082 0.294856 0.89277 0.292468 0.898068 0.296586 0.902548 0.29393 0.905325 0.296746 0.887219 0.298328 0.88923 0.293959 0.891809 0.298714 0.888977 0.298328 0.88923 0.296746 0.887219 0.292386 0.897312 0.292468 0.898068 0.289961 0.897913 0.298812 0.900697 0.2971 0.903008 0.296586 0.902548 0.295171 0.894879 0.294821 0.894041 0.295257 0.893876 0.294821 0.894041 0.294468 0.893038 0.294856 0.89277 0.300873 0.881919 0.298178 0.882655 0.297208 0.879119 0.300086 0.892898 0.30034 0.894721 0.295552 0.894827 0.299796 0.890911 0.300464 0.892806 0.300086 0.892898 0.297185 0.886875 0.296746 0.887219 0.29454 0.884701 0.287238 0.893862 0.285918 0.892049 0.289627 0.890738 0.295552 0.894827 0.30034 0.894721 0.300169 0.896575 0.300562 0.896658 0.299937 0.898643 0.299537 0.898461 0.290399 0.896712 0.289961 0.897913 0.285305 0.895822 0.294572 0.905856 0.29132 0.910502 0.29004 0.909955 0.29454 0.884701 0.296746 0.887219 0.292354 0.891038 0.300464 0.892806 0.300727 0.894713 0.30034 0.894721 0.295075 0.895675 0.295442 0.895787 0.294944 0.896684 0.365068 0.873422 0.614173 0.876284 0.614056 0.880293 0.303815 0.903351 0.30267 0.906107 0.299768 0.904751 0.304362 0.889107 0.305001 0.891852 0.302555 0.892376 0.299937 0.898643 0.298812 0.900697 0.298391 0.900402 0.300873 0.881919 0.301945 0.884371 0.299461 0.885481 0.30267 0.906107 0.301378 0.908952 0.298205 0.90798 0.304853 0.900583 0.302155 0.899513 0.302747 0.897072 0.305519 0.897692 0.302747 0.897072 0.302871 0.894674 0.303331 0.88663 0.300823 0.887836 0.299461 0.885481 0.301378 0.908952 0.300976 0.912142 0.296932 0.912187 0.304853 0.900583 0.303815 0.903351 0.30114 0.902016 0.303331 0.88663 0.304362 0.889107 0.301876 0.89013 0.361667 0.906585 0.614306 0.904784 0.614336 0.908748 0.360165 0.921426 0.360832 0.915169 0.614418 0.912712 0.364788 0.886344 0.365676 0.88093 0.614066 0.884304 0.360165 0.921426 0.614538 0.917373 0.614659 0.922982 0.305625 0.894727 0.302871 0.894674 0.302555 0.892376 0.363528 0.893359 0.364788 0.886344 0.614143 0.88895 0.362388 0.900643 0.363528 0.893359 0.614228 0.894539 0.359744 0.86003 0.614617 0.866029 0.614378 0.871633 0.365676 0.88093 0.365857 0.877182 0.614056 0.880293 0.362388 0.900643 0.614284 0.900134 0.614306 0.904784 0.362967 0.867805 0.614378 0.871633 0.614173 0.876284 0.360832 0.915169 0.361258 0.910851 0.614336 0.908748 0.321288 0.887269 0.343556 0.881225 0.3434 0.883982 0.320654 0.901532 0.33797 0.903438 0.337378 0.906604 0.320058 0.911238 0.320113 0.908362 0.336086 0.91456 0.321288 0.887269 0.320483 0.885002 0.342243 0.878748 0.320862 0.898864 0.338996 0.89881 0.33797 0.903438 0.321416 0.892479 0.342204 0.888024 0.340524 0.893269 0.320113 0.908362 0.32026 0.905815 0.336827 0.90978 0.320483 0.885002 0.319196 0.882496 0.339319 0.875515 0.321128 0.8957 0.340524 0.893269 0.338996 0.89881 0.321569 0.889638 0.3434 0.883982 0.342204 0.888024 0.32026 0.905815 0.320457 0.903691 0.337378 0.906604 0.319196 0.882496 0.317772 0.879812 0.33507 0.871257 0.300727 0.824653 0.301529 0.824624 0.30138 0.826747 0.300563 0.826598 0.30138 0.826747 0.300773 0.828917 0.299937 0.828583 0.300773 0.828917 0.299698 0.83117 0.298812 0.830637 0.299698 0.83117 0.298129 0.833695 0.298129 0.833695 0.29604 0.836809 0.294572 0.835796 0.294572 0.835796 0.29604 0.836809 0.293659 0.841802 0.292593 0.810218 0.294554 0.809226 0.296315 0.813456 0.295127 0.814213 0.296315 0.813456 0.298112 0.816176 0.298112 0.816176 0.299524 0.818429 0.298714 0.818917 0.299524 0.818429 0.300579 0.820518 0.299797 0.820851 0.300873 0.811859 0.300378 0.809142 0.317772 0.809752 0.300579 0.820518 0.301248 0.82256 0.300464 0.822746 0.301248 0.82256 0.301529 0.824624 0.300727 0.824653 0.294821 0.82398 0.295171 0.824819 0.295076 0.825615 0.295076 0.825615 0.294608 0.826342 0.294821 0.82398 0.294608 0.826342 0.293736 0.826942 0.294821 0.82398 0.293736 0.826942 0.292386 0.827252 0.2904 0.826652 0.2904 0.826652 0.287238 0.823802 0.293736 0.826942 0.287238 0.823802 0.28982 0.821901 0.293736 0.826942 0.28982 0.821901 0.292208 0.821796 0.294821 0.82398 0.292208 0.821796 0.293633 0.822227 0.294821 0.82398 0.293633 0.822227 0.294468 0.822978 0.294821 0.82398 0.302747 0.827012 0.30138 0.826747 0.301529 0.824624 0.302155 0.829453 0.300773 0.828917 0.30138 0.826747 0.302155 0.829453 0.30114 0.831956 0.299698 0.83117 0.299768 0.834691 0.298129 0.833695 0.299698 0.83117 0.298205 0.83792 0.29604 0.836809 0.298129 0.833695 0.298205 0.83792 0.296932 0.842127 0.293659 0.841802 0.298179 0.812595 0.296315 0.813456 0.294554 0.809226 0.298179 0.812595 0.299461 0.815421 0.298112 0.816176 0.300823 0.817776 0.299524 0.818429 0.298112 0.816176 0.300823 0.817776 0.301876 0.82007 0.300579 0.820518 0.302555 0.822316 0.301248 0.82256 0.300579 0.820518 0.302871 0.824613 0.301529 0.824624 0.301248 0.82256 0.33932 0.805454 0.335071 0.801197 0.359746 0.78997 0.303815 0.833291 0.320457 0.833631 0.32026 0.835755 0.305002 0.821792 0.304362 0.819047 0.321569 0.819578 0.305519 0.827632 0.305626 0.824667 0.321128 0.82564 0.301945 0.81431 0.300873 0.811859 0.319196 0.812436 0.30267 0.836047 0.32026 0.835755 0.320114 0.838302 0.305626 0.824667 0.305002 0.821792 0.321416 0.822419 0.305519 0.827632 0.320863 0.828804 0.320654 0.831473 0.303332 0.81657 0.301945 0.81431 0.320484 0.814942 0.301378 0.838893 0.320114 0.838302 0.320058 0.841178 0.304853 0.830523 0.320654 0.831473 0.320457 0.833631 0.304362 0.819047 0.303332 0.81657 0.321288 0.817209 0.81119 0.817134 0.811218 0.813706 0.909832 0.815427 0.336828 0.83972 0.337378 0.836544 0.36126 0.840791 0.343401 0.813922 0.365678 0.810869 0.364789 0.816284 0.340524 0.823209 0.363529 0.823299 0.36239 0.830582 0.342244 0.808688 0.33932 0.805454 0.362969 0.797744 0.336087 0.8445 0.336828 0.83972 0.360834 0.845109 0.342205 0.817964 0.364789 0.816284 0.363529 0.823299 0.338997 0.82875 0.36239 0.830582 0.361668 0.836525 0.343557 0.811164 0.342244 0.808688 0.365069 0.803361 0.335244 0.850572 0.336087 0.8445 0.360167 0.851366 0.337971 0.833377 0.361668 0.836525 0.36126 0.840791 0.343557 0.811164 0.365858 0.807122 0.365678 0.810869 0.684643 0.59244 0.682504 0.59434 0.677893 0.593409 0.682504 0.59434 0.680033 0.594694 0.677893 0.593409 0.677893 0.593409 0.676658 0.590828 0.684643 0.59244 0.676658 0.590828 0.676658 0.587644 0.684643 0.59244 0.676658 0.587644 0.677893 0.584708 0.685878 0.589504 0.684643 0.59244 0.676658 0.587644 0.685878 0.589504 0.677893 0.584708 0.680033 0.582808 0.685878 0.58632 0.680033 0.582808 0.682504 0.582453 0.684643 0.583739 0.685878 0.58632 0.680033 0.582808 0.684643 0.583739 0.811643 0.802997 0.910149 0.806436 0.910028 0.809062 0.811462 0.838569 0.811389 0.835141 0.909949 0.833421 0.811212 0.820709 0.81119 0.817134 0.909796 0.818782 0.811298 0.828139 0.811255 0.824424 0.909835 0.824425 0.811466 0.806708 0.910028 0.809062 0.909914 0.812074 0.811552 0.842142 0.811462 0.838569 0.910016 0.836775 0.811255 0.824424 0.811212 0.820709 0.909806 0.821795 0.811298 0.828139 0.909865 0.827053 0.909899 0.830067 0.811314 0.810279 0.909914 0.812074 0.909832 0.815427 0.811552 0.842142 0.910087 0.839787 0.910149 0.842415 0.811338 0.831713 0.909899 0.830067 0.909949 0.833421 0.299797 0.820851 0.299422 0.821022 0.298328 0.81917 0.295076 0.825615 0.295171 0.824819 0.295553 0.824767 0.295127 0.814213 0.29454 0.814641 0.291606 0.810526 0.294004 0.827429 0.298391 0.830342 0.296586 0.832488 0.299422 0.821022 0.300087 0.822837 0.295257 0.823816 0.295442 0.825727 0.300169 0.826515 0.299537 0.828401 0.294944 0.826624 0.299537 0.828401 0.298391 0.830342 0.294608 0.826342 0.294944 0.826624 0.294004 0.827429 0.300563 0.826598 0.300169 0.826515 0.300341 0.824661 0.289961 0.827852 0.29393 0.835265 0.29004 0.839895 0.294468 0.822978 0.293633 0.822227 0.293959 0.821749 0.293633 0.822227 0.292208 0.821796 0.292354 0.820978 0.293736 0.826942 0.294004 0.827429 0.292469 0.828008 0.2971 0.832948 0.294572 0.835796 0.29393 0.835265 0.292208 0.821796 0.28982 0.821901 0.289627 0.820678 0.291606 0.810526 0.29454 0.814641 0.289627 0.820678 0.298328 0.81917 0.299422 0.821022 0.294856 0.82271 0.292469 0.828008 0.296586 0.832488 0.29393 0.835265 0.296746 0.817159 0.298328 0.81917 0.293959 0.821749 0.298714 0.818917 0.298328 0.81917 0.296746 0.817159 0.292386 0.827252 0.292469 0.828008 0.289961 0.827852 0.2971 0.832948 0.296586 0.832488 0.298391 0.830342 0.295171 0.824819 0.294821 0.82398 0.295257 0.823816 0.294821 0.82398 0.294468 0.822978 0.294856 0.82271 0.300873 0.811859 0.298179 0.812595 0.297208 0.809059 0.300087 0.822837 0.300341 0.824661 0.295553 0.824767 0.300464 0.822746 0.300087 0.822837 0.299422 0.821022 0.297185 0.816815 0.296746 0.817159 0.29454 0.814641 0.287238 0.823802 0.285918 0.821989 0.289627 0.820678 0.295553 0.824767 0.300341 0.824661 0.300169 0.826515 0.300563 0.826598 0.299937 0.828583 0.299537 0.828401 0.2904 0.826652 0.289961 0.827852 0.285305 0.825761 0.294572 0.835796 0.291321 0.840442 0.29004 0.839895 0.29454 0.814641 0.296746 0.817159 0.292354 0.820978 0.300464 0.822746 0.300727 0.824653 0.300341 0.824661 0.295076 0.825615 0.295442 0.825727 0.294944 0.826624 0.365069 0.803361 0.614179 0.806224 0.614061 0.810232 0.30267 0.836047 0.299768 0.834691 0.30114 0.831956 0.304362 0.819047 0.305002 0.821792 0.302555 0.822316 0.299937 0.828583 0.298812 0.830637 0.298391 0.830342 0.300873 0.811859 0.301945 0.81431 0.299461 0.815421 0.30267 0.836047 0.301378 0.838893 0.298205 0.83792 0.304853 0.830523 0.302155 0.829453 0.302747 0.827012 0.305519 0.827632 0.302747 0.827012 0.302871 0.824613 0.303332 0.81657 0.300823 0.817776 0.299461 0.815421 0.301378 0.838893 0.300976 0.842082 0.296932 0.842127 0.303815 0.833291 0.30114 0.831956 0.302155 0.829453 0.303332 0.81657 0.304362 0.819047 0.301876 0.82007 0.361668 0.836525 0.614311 0.834724 0.614341 0.838688 0.360167 0.851366 0.360834 0.845109 0.614423 0.842652 0.364789 0.816284 0.365678 0.810869 0.614071 0.814243 0.360167 0.851366 0.614544 0.847313 0.614664 0.852922 0.305002 0.821792 0.305626 0.824667 0.302871 0.824613 0.363529 0.823299 0.364789 0.816284 0.614148 0.818889 0.36239 0.830582 0.363529 0.823299 0.614233 0.82448 0.359746 0.78997 0.614622 0.795969 0.614384 0.801572 0.365678 0.810869 0.365858 0.807122 0.614061 0.810232 0.36239 0.830582 0.614289 0.830074 0.614311 0.834724 0.362969 0.797744 0.614384 0.801572 0.614179 0.806224 0.360834 0.845109 0.36126 0.840791 0.614341 0.838688 0.321288 0.817209 0.343557 0.811164 0.343401 0.813922 0.320654 0.831473 0.337971 0.833377 0.337378 0.836544 0.320058 0.841178 0.320114 0.838302 0.336087 0.8445 0.321288 0.817209 0.320484 0.814942 0.342244 0.808688 0.320863 0.828804 0.338997 0.82875 0.337971 0.833377 0.321416 0.822419 0.342205 0.817964 0.340524 0.823209 0.320114 0.838302 0.32026 0.835755 0.336828 0.83972 0.320484 0.814942 0.319196 0.812436 0.33932 0.805454 0.321128 0.82564 0.340524 0.823209 0.338997 0.82875 0.321569 0.819578 0.343401 0.813922 0.342205 0.817964 0.32026 0.835755 0.320457 0.833631 0.337378 0.836544 0.319196 0.812436 0.317772 0.809752 0.335071 0.801197 0.609977 0.97494 0.70867 0.973677 0.708721 0.97721 0.70867 0.973677 0.807438 0.971923 0.807489 0.975358 0.61021 0.987557 0.708902 0.984972 0.709019 0.989801 0.708902 0.984972 0.807652 0.982374 0.807744 0.986096 0.609844 0.946377 0.708603 0.948495 0.708498 0.952027 0.708603 0.948495 0.807414 0.950442 0.807318 0.953876 0.609955 0.97028 0.708624 0.969447 0.70867 0.973677 0.708624 0.969447 0.807398 0.968341 0.807438 0.971923 0.609899 0.964673 0.609814 0.959071 0.708513 0.959791 0.708569 0.964619 0.708513 0.959791 0.807312 0.960894 0.61021 0.987557 0.610089 0.982885 0.708797 0.980742 0.708902 0.984972 0.708797 0.980742 0.807562 0.978793 0.61005 0.941715 0.708789 0.944267 0.708603 0.948495 0.708789 0.944267 0.807566 0.946863 0.807414 0.950442 0.609955 0.97028 0.609899 0.964673 0.708569 0.964619 0.708624 0.969447 0.708569 0.964619 0.807355 0.964617 0.609814 0.959071 0.609737 0.954414 0.708477 0.95556 0.708513 0.959791 0.708477 0.95556 0.807289 0.957312 0.610089 0.982885 0.610007 0.978912 0.708721 0.97721 0.708797 0.980742 0.708721 0.97721 0.807489 0.975358 0.610289 0.9361 0.709018 0.939442 0.708789 0.944267 0.709018 0.939442 0.807744 0.943144 0.807566 0.946863 0.609737 0.954414 0.609726 0.950395 0.708498 0.952027 0.708477 0.95556 0.708498 0.952027 0.807318 0.953876 0.614306 0.904784 0.712783 0.903525 0.712834 0.907049 0.712783 0.903525 0.811333 0.901774 0.811384 0.905202 0.614538 0.917373 0.713014 0.914794 0.713131 0.919612 0.713014 0.914794 0.811547 0.912203 0.811638 0.915917 0.614173 0.876284 0.712716 0.878398 0.712611 0.881922 0.712716 0.878398 0.811309 0.880339 0.811213 0.883766 0.614284 0.900134 0.712737 0.899304 0.712783 0.903525 0.712737 0.899304 0.811293 0.8982 0.811333 0.901774 0.614228 0.894539 0.614143 0.88895 0.712627 0.889668 0.712682 0.894486 0.712627 0.889668 0.811208 0.890769 0.614538 0.917373 0.614418 0.912712 0.712909 0.910573 0.713014 0.914794 0.712909 0.910573 0.811457 0.90863 0.614378 0.871633 0.712902 0.874179 0.712716 0.878398 0.712902 0.874179 0.811461 0.876768 0.811309 0.880339 0.614284 0.900134 0.614228 0.894539 0.712682 0.894486 0.712737 0.899304 0.712682 0.894486 0.811251 0.894485 0.614143 0.88895 0.614066 0.884304 0.712591 0.885447 0.712627 0.889668 0.712591 0.885447 0.811185 0.887195 0.614418 0.912712 0.614336 0.908748 0.712834 0.907049 0.712909 0.910573 0.712834 0.907049 0.811384 0.905202 0.614617 0.866029 0.71313 0.869364 0.712902 0.874179 0.71313 0.869364 0.811638 0.873057 0.811461 0.876768 0.614066 0.884304 0.614056 0.880293 0.712611 0.881922 0.712591 0.885447 0.712611 0.881922 0.811213 0.883766 0.614311 0.834724 0.712788 0.833464 0.712838 0.836989 0.712788 0.833464 0.811338 0.831713 0.811389 0.835141 0.614544 0.847313 0.713018 0.844733 0.713136 0.849552 0.713018 0.844733 0.811552 0.842142 0.811643 0.845855 0.614179 0.806224 0.712721 0.808337 0.712616 0.811861 0.712721 0.808337 0.811314 0.810279 0.811218 0.813706 0.614289 0.830074 0.712741 0.829243 0.712788 0.833464 0.712741 0.829243 0.811298 0.828139 0.811338 0.831713 0.614233 0.82448 0.614148 0.818889 0.712631 0.819608 0.712687 0.824425 0.712631 0.819608 0.811212 0.820709 0.614544 0.847313 0.614423 0.842652 0.712914 0.840513 0.713018 0.844733 0.712914 0.840513 0.811462 0.838569 0.614384 0.801572 0.712907 0.804119 0.712721 0.808337 0.712907 0.804119 0.811466 0.806708 0.811314 0.810279 0.614289 0.830074 0.614233 0.82448 0.712687 0.824425 0.712741 0.829243 0.712687 0.824425 0.811255 0.824424 0.614148 0.818889 0.614071 0.814243 0.712595 0.815387 0.712631 0.819608 0.712595 0.815387 0.81119 0.817134 0.614423 0.842652 0.614341 0.838688 0.712838 0.836989 0.712914 0.840513 0.712838 0.836989 0.811389 0.835141 0.614622 0.795969 0.713135 0.799303 0.712907 0.804119 0.713135 0.799303 0.811643 0.802997 0.811466 0.806708 0.614071 0.814243 0.614061 0.810232 0.712616 0.811861 0.712595 0.815387 0.712616 0.811861 0.811218 0.813706</float_array>
          <technique_common>
            <accessor source="#Cylinder_001-mesh-map-0-array" count="3552" stride="2">
              <param name="S" type="float"/>
              <param name="T" type="float"/>
            </accessor>
          </technique_common>
        </source>
        <vertices id="Cylinder_001-mesh-vertices">
          <input semantic="POSITION" source="#Cylinder_001-mesh-positions"/>
        </vertices>
        <triangles material="Plastic010_1K_Displacement-material" count="1184">
          <input semantic="VERTEX" source="#Cylinder_001-mesh-vertices" offset="0"/>
          <input semantic="NORMAL" source="#Cylinder_001-mesh-normals" offset="1"/>
          <input semantic="TEXCOORD" source="#Cylinder_001-mesh-map-0" offset="2" set="0"/>
          <p>50 0 0 18 1 1 19 2 2 24 3 3 221 4 4 25 5 5 54 6 6 26 7 7 27 8 8 50 9 9 20 10 10 56 11 11 54 12 12 28 13 13 58 14 14 60 15 15 20 16 16 21 17 17 62 18 18 28 19 19 29 20 20 60 21 21 22 22 22 64 23 23 62 24 24 30 25 25 66 26 26 64 27 27 23 28 28 68 29 29 66 30 30 31 31 31 70 32 32 72 33 33 23 34 34 24 35 35 75 36 36 16 37 37 76 38 38 75 39 39 31 40 40 17 41 41 72 42 42 25 43 43 78 44 44 49 45 45 16 46 46 18 47 47 53 48 48 25 49 49 26 50 50 4 51 51 8 51 52 12 51 53 1 52 54 32 53 55 0 54 56 2 55 57 32 56 58 34 57 59 2 58 60 35 59 61 3 60 62 4 61 63 35 62 64 36 63 65 4 64 66 37 65 67 5 66 68 6 67 69 37 68 70 38 69 71 6 70 72 39 71 73 7 72 74 8 73 75 39 74 76 40 75 77 8 76 78 41 77 79 9 78 80 10 79 81 41 80 82 42 81 83 10 82 84 43 83 85 11 84 86 12 85 87 43 86 88 44 87 89 12 88 90 45 89 91 13 90 92 14 91 93 45 92 94 46 93 95 14 94 96 47 95 97 15 96 98 1 97 99 47 98 100 33 99 101 41 100 102 52 101 103 42 102 104 79 103 105 53 104 106 52 105 107 32 106 108 48 107 109 34 108 110 77 109 111 49 110 112 48 111 113 40 112 114 79 113 115 41 114 116 73 115 117 78 116 118 79 117 119 47 118 120 74 119 121 33 120 122 74 121 123 70 122 124 75 123 125 33 124 126 77 125 127 32 126 128 74 127 129 76 128 130 77 129 131 39 130 132 73 131 133 40 132 134 73 133 135 68 134 136 72 135 137 46 136 138 71 137 139 47 138 140 71 139 141 66 140 142 70 141 143 38 142 144 69 143 145 39 144 146 69 145 147 64 146 148 68 147 149 45 148 150 67 149 151 46 150 152 63 151 153 66 152 154 67 153 155 37 154 156 65 155 157 38 156 158 61 157 159 64 158 160 65 159 161 44 160 162 63 161 163 45 162 164 63 163 165 58 164 166 62 165 167 36 166 168 61 167 169 37 168 170 61 169 171 56 170 172 60 171 173 43 172 174 59 173 175 44 174 176 55 175 177 58 176 178 59 177 179 35 178 180 57 179 181 36 180 182 51 181 183 56 182 184 57 183 185 42 184 186 55 185 187 43 186 188 55 187 189 53 188 190 54 189 191 34 190 192 51 191 193 35 192 194 51 193 195 49 194 196 50 195 197 187 196 198 104 197 199 186 198 200 186 199 201 106 200 202 185 201 203 106 202 204 184 203 205 185 204 206 184 205 207 108 206 208 183 207 209 108 208 210 182 209 211 183 210 212 109 211 213 181 212 214 182 213 215 181 214 216 111 215 217 180 216 218 180 217 219 112 218 220 179 219 221 112 220 222 178 221 223 179 222 224 178 223 225 114 224 226 177 225 227 95 226 228 122 227 229 123 228 230 114 229 231 176 230 232 177 231 233 176 232 234 105 233 235 187 234 236 86 235 237 94 235 238 102 235 239 198 236 240 105 237 241 199 238 242 197 239 243 104 240 244 198 241 245 196 242 246 106 243 247 197 244 248 195 245 249 107 246 250 196 247 251 194 248 252 108 249 253 195 250 254 194 251 255 110 252 256 109 253 257 192 254 258 110 255 259 193 256 260 192 257 261 112 258 262 111 259 263 190 260 264 112 261 265 191 262 266 190 263 267 114 264 268 113 265 269 189 266 270 115 267 271 114 268 272 188 269 273 105 270 274 115 271 275 229 272 276 134 273 277 135 274 278 87 275 279 120 276 280 89 277 281 103 278 282 126 279 283 127 280 284 83 281 285 117 282 286 116 283 287 97 284 288 123 285 289 124 286 290 89 287 291 121 288 292 91 289 293 81 290 294 127 291 295 117 292 296 83 293 297 118 294 298 85 295 299 99 296 300 124 297 301 125 298 302 91 299 303 122 300 304 93 301 305 85 302 306 119 303 307 87 304 308 101 305 309 125 306 310 126 307 311 548 308 312 149 309 313 150 310 314 231 311 315 131 312 316 132 313 317 232 314 318 139 315 319 233 316 320 234 317 321 128 318 322 235 319 323 236 320 324 135 321 325 136 322 326 237 323 327 132 324 328 133 325 329 233 326 330 129 327 331 234 328 332 235 329 333 130 330 334 238 331 335 239 332 336 136 333 337 137 334 338 228 335 339 133 336 340 134 337 341 238 338 342 131 339 343 230 340 344 239 341 345 138 342 346 232 343 347 144 344 348 143 344 349 148 344 350 531 345 351 147 346 352 546 347 353 544 348 354 143 349 355 144 350 356 542 351 357 150 352 358 151 353 359 540 354 360 141 355 361 140 356 362 546 357 363 148 358 364 550 359 365 538 360 366 144 361 367 145 362 368 535 363 369 151 364 370 141 365 371 540 366 372 142 367 373 536 368 374 550 369 375 149 370 376 529 371 377 538 372 378 146 373 379 531 374 380 536 375 381 143 376 382 533 377 383 177 378 384 157 379 385 178 380 386 80 381 387 174 382 388 82 383 389 181 384 390 161 385 391 163 386 392 170 387 393 167 388 394 168 389 395 155 390 396 154 391 397 156 392 398 174 393 399 171 394 400 172 395 401 172 396 402 169 397 403 170 398 404 84 399 405 170 400 406 86 401 407 187 402 408 173 403 409 152 404 410 166 405 411 163 406 412 164 407 413 100 408 414 158 409 415 156 410 416 98 411 417 160 412 418 158 413 419 86 414 420 168 415 421 88 416 422 183 417 423 165 418 424 167 419 425 96 420 426 162 421 427 160 422 428 163 423 429 162 424 430 164 425 431 157 426 432 156 427 433 158 428 434 168 429 435 165 430 436 166 431 437 159 432 438 158 433 439 160 434 440 178 435 441 159 436 442 179 437 443 88 438 444 166 439 445 90 440 446 184 441 447 167 442 448 169 443 449 80 444 450 154 445 451 175 446 452 102 447 453 156 448 454 154 449 455 95 450 456 193 451 457 93 452 458 153 453 459 175 454 460 154 455 461 176 456 462 155 457 463 177 458 464 179 459 465 161 460 466 180 461 467 92 462 468 162 463 469 94 464 470 175 465 471 173 466 472 174 467 473 186 468 474 171 469 475 173 470 476 90 471 477 164 472 478 92 473 479 181 474 480 165 475 481 182 476 482 161 477 483 160 478 484 162 479 485 187 480 486 153 481 487 176 482 488 82 483 489 172 484 490 84 485 491 136 486 492 211 487 493 137 488 494 87 489 495 195 490 496 196 491 497 101 492 498 188 493 499 189 494 500 185 495 501 169 496 502 171 497 503 95 498 504 191 499 505 192 500 506 89 501 507 194 502 508 195 503 509 85 504 510 198 505 511 83 506 512 83 507 513 199 508 514 81 509 515 99 510 516 191 511 517 97 512 518 91 513 519 193 514 520 194 515 521 87 516 522 197 517 523 85 518 524 99 519 525 189 520 526 190 521 527 130 522 528 207 523 529 131 524 530 133 525 531 206 526 532 201 527 533 139 528 534 210 529 535 205 530 536 133 531 537 209 532 538 134 533 539 81 534 540 188 535 541 103 536 542 129 537 543 205 538 544 204 539 545 128 540 546 204 541 547 203 542 548 134 543 549 208 544 550 135 545 551 138 546 552 211 547 553 210 548 554 128 549 555 200 550 556 130 551 557 135 552 558 202 553 559 136 554 560 132 555 561 207 556 562 206 557 563 220 558 564 218 558 565 214 558 566 18 559 567 212 560 568 214 561 569 26 562 570 221 563 571 222 564 572 19 565 573 214 566 574 215 567 575 27 568 576 222 569 577 223 570 578 19 571 579 216 572 580 20 573 581 27 574 582 224 575 583 28 576 584 21 577 585 216 578 586 217 579 587 29 580 588 224 581 589 225 582 590 21 583 591 218 584 592 22 585 593 29 586 594 226 587 595 30 588 596 22 589 597 219 590 598 23 591 599 30 592 600 227 593 601 31 594 602 24 595 603 219 596 604 220 597 605 17 598 606 212 599 607 16 600 608 17 601 609 227 602 610 213 603 611 125 604 612 232 605 613 126 606 614 118 607 615 230 608 616 119 609 617 122 610 618 237 611 619 228 612 620 125 613 621 236 614 622 239 615 623 116 616 624 238 617 625 118 618 626 127 619 627 234 620 628 117 621 629 121 622 630 231 623 631 237 624 632 124 625 633 229 626 634 236 627 635 117 628 636 235 629 637 116 630 638 126 631 639 233 632 640 127 633 641 120 634 642 230 635 643 231 636 644 123 637 645 228 638 646 229 639 647 347 640 648 264 641 649 346 642 650 346 643 651 266 644 652 345 645 653 266 646 654 344 647 655 345 648 656 344 649 657 268 650 658 343 651 659 268 652 660 342 653 661 343 654 662 342 655 663 270 656 664 341 657 665 341 658 666 271 659 667 340 660 668 271 661 669 339 662 670 340 663 671 272 664 672 338 665 673 339 666 674 273 667 675 337 668 676 338 669 677 255 670 678 282 671 679 283 672 680 337 673 681 275 674 682 336 675 683 336 676 684 265 677 685 347 678 686 246 679 687 254 680 688 262 681 689 358 682 690 265 683 691 359 684 692 358 685 693 266 686 694 264 687 695 356 688 696 266 689 697 357 690 698 355 691 699 267 692 700 356 693 701 354 694 702 268 695 703 355 696 704 354 697 705 270 698 706 269 699 707 353 700 708 271 701 709 270 702 710 352 703 711 272 704 712 271 705 713 350 706 714 272 707 715 351 708 716 350 709 717 274 710 718 273 711 719 348 712 720 274 713 721 349 714 722 359 715 723 275 716 724 348 717 725 373 718 726 294 719 727 295 720 728 247 721 729 280 722 730 249 723 731 263 724 732 286 725 733 287 726 734 243 727 735 277 728 736 276 729 737 257 730 738 283 731 739 284 732 740 249 733 741 281 734 742 251 735 743 241 736 744 287 737 745 277 738 746 243 739 747 278 740 748 245 741 749 259 742 750 284 743 751 285 744 752 251 745 753 282 746 754 253 747 755 245 748 756 279 749 757 247 750 758 261 751 759 285 752 760 286 753 761 572 754 762 309 755 763 310 756 764 375 757 765 291 758 766 292 759 767 376 760 768 299 761 769 377 762 770 378 763 771 288 764 772 379 765 773 380 766 774 295 767 775 296 768 776 381 769 777 292 770 778 293 771 779 377 772 780 289 773 781 378 774 782 379 775 783 290 776 784 382 777 785 383 778 786 296 779 787 297 780 788 372 781 789 293 782 790 294 783 791 382 784 792 291 785 793 374 786 794 383 787 795 298 788 796 376 789 797 303 790 798 302 791 799 310 792 800 555 793 801 307 794 802 570 795 803 568 796 804 303 797 805 304 798 806 566 799 807 310 800 808 311 801 809 564 802 810 301 803 811 300 804 812 570 805 813 308 806 814 574 807 815 562 808 816 304 809 817 305 810 818 559 811 819 311 812 820 301 813 821 564 814 822 302 815 823 560 816 824 574 817 825 309 818 826 553 819 827 562 820 828 306 821 829 555 822 830 560 823 831 303 824 832 557 825 833 337 826 834 317 827 835 338 828 836 242 829 837 335 830 838 334 831 839 340 832 840 323 833 841 341 834 842 330 835 843 327 836 844 328 837 845 315 838 846 314 839 847 316 840 848 334 841 849 331 842 850 332 843 851 332 844 852 329 845 853 330 846 854 244 847 855 330 848 856 246 849 857 347 850 858 333 851 859 312 852 860 326 853 861 323 854 862 324 855 863 260 856 864 318 857 865 316 858 866 258 859 867 320 860 868 318 861 869 246 862 870 328 863 871 248 864 872 343 865 873 325 866 874 327 867 875 254 868 876 320 869 877 256 870 878 323 871 879 322 872 880 324 873 881 317 874 882 316 875 883 318 876 884 328 877 885 325 878 886 326 879 887 319 880 888 318 881 889 320 882 890 338 883 891 319 884 892 339 885 893 248 886 894 326 887 895 250 888 896 344 889 897 327 890 898 329 891 899 240 892 900 314 893 901 335 894 902 262 895 903 316 896 904 314 897 905 255 898 906 353 899 907 253 900 908 313 901 909 335 902 910 314 903 911 337 904 912 313 905 913 315 906 914 339 907 915 321 908 916 340 909 917 252 910 918 322 911 919 254 912 920 335 913 921 333 914 922 334 915 923 346 916 924 331 917 925 333 918 926 250 919 927 324 920 928 252 921 929 342 922 930 323 923 931 325 924 932 321 925 933 320 926 934 322 927 935 336 928 936 312 929 937 313 930 938 242 931 939 332 932 940 244 933 941 296 934 942 371 935 943 297 936 944 247 937 945 355 938 946 356 939 947 261 940 948 348 941 949 349 942 950 345 943 951 329 944 952 331 945 953 255 946 954 351 947 955 352 948 956 249 949 957 354 950 958 355 951 959 245 952 960 358 953 961 243 954 962 243 955 963 359 956 964 241 957 965 259 958 966 351 959 967 257 960 968 251 961 969 353 962 970 354 963 971 245 964 972 356 965 973 357 966 974 259 967 975 349 968 976 350 969 977 290 970 978 367 971 979 291 972 980 293 973 981 366 974 982 361 975 983 299 976 984 370 977 985 365 978 986 293 979 987 369 980 988 294 981 989 241 982 990 348 983 991 263 984 992 289 985 993 365 986 994 364 987 995 288 988 996 364 989 997 363 990 998 294 991 999 368 992 1000 295 993 1001 298 994 1002 371 995 1003 370 996 1004 288 997 1005 360 998 1006 290 999 1007 295 1000 1008 362 1001 1009 296 1002 1010 292 1003 1011 367 1004 1012 366 1005 1013 285 1006 1014 376 1007 1015 286 1008 1016 278 1009 1017 374 1010 1018 279 1011 1019 282 1012 1020 381 1013 1021 372 1014 1022 285 1015 1023 380 1016 1024 383 1017 1025 276 1018 1026 382 1019 1027 278 1020 1028 287 1021 1029 378 1022 1030 277 1023 1031 281 1024 1032 375 1025 1033 381 1026 1034 284 1027 1035 373 1028 1036 380 1029 1037 277 1030 1038 379 1031 1039 276 1032 1040 286 1033 1041 377 1034 1042 287 1035 1043 280 1036 1044 374 1037 1045 375 1038 1046 283 1039 1047 372 1040 1048 373 1041 1049 491 1042 1050 408 1043 1051 490 1044 1052 490 1045 1053 410 1046 1054 489 1047 1055 489 1048 1056 411 1049 1057 488 1050 1058 488 1051 1059 412 1052 1060 487 1053 1061 412 1054 1062 486 1055 1063 487 1056 1064 486 1057 1065 414 1058 1066 485 1059 1067 485 1060 1068 415 1061 1069 484 1062 1070 484 1063 1071 416 1064 1072 483 1065 1073 416 1066 1074 482 1067 1075 483 1068 1076 417 1069 1077 481 1070 1078 482 1071 1079 399 1072 1080 426 1073 1081 427 1074 1082 418 1075 1083 480 1076 1084 481 1077 1085 419 1078 1086 491 1079 1087 480 1080 1088 390 1081 1089 398 1082 1090 406 1083 1091 502 1084 1092 409 1085 1093 503 1086 1094 501 1087 1095 408 1088 1096 502 1089 1097 501 1090 1098 411 1091 1099 410 1092 1100 499 1093 1101 411 1094 1102 500 1095 1103 498 1096 1104 412 1097 1105 499 1098 1106 498 1099 1107 414 1100 1108 413 1101 1109 496 1102 1110 414 1103 1111 497 1104 1112 496 1105 1113 416 1106 1114 415 1107 1115 494 1108 1116 416 1109 1117 495 1110 1118 494 1111 1119 418 1112 1120 417 1113 1121 492 1114 1122 418 1115 1123 493 1116 1124 503 1117 1125 419 1118 1126 492 1119 1127 517 1120 1128 438 1121 1129 439 1122 1130 391 1123 1131 424 1124 1132 393 1125 1133 407 1126 1134 430 1127 1135 431 1128 1136 387 1129 1137 421 1130 1138 420 1131 1139 401 1132 1140 427 1133 1141 428 1134 1142 393 1135 1143 425 1136 1144 395 1137 1145 385 1138 1146 431 1139 1147 421 1140 1148 387 1141 1149 422 1142 1150 389 1143 1151 403 1144 1152 428 1145 1153 429 1146 1154 395 1147 1155 426 1148 1156 397 1149 1157 389 1150 1158 423 1151 1159 391 1152 1160 405 1153 1161 429 1154 1162 430 1155 1163 596 1156 1164 453 1157 1165 454 1158 1166 519 1159 1167 435 1160 1168 436 1161 1169 520 1162 1170 443 1163 1171 521 1164 1172 522 1165 1173 432 1166 1174 523 1167 1175 524 1168 1176 439 1169 1177 440 1170 1178 525 1171 1179 436 1172 1180 437 1173 1181 521 1174 1182 433 1175 1183 522 1176 1184 523 1177 1185 434 1178 1186 526 1179 1187 527 1180 1188 440 1181 1189 441 1182 1190 516 1183 1191 437 1184 1192 438 1185 1193 526 1186 1194 435 1187 1195 518 1188 1196 527 1189 1197 442 1190 1198 520 1191 1199 448 1192 1200 447 1193 1201 452 1194 1202 579 1195 1203 451 1196 1204 594 1197 1205 592 1198 1206 447 1199 1207 448 1200 1208 590 1201 1209 454 1202 1210 455 1203 1211 588 1204 1212 445 1205 1213 444 1206 1214 594 1207 1215 452 1208 1216 598 1209 1217 586 1210 1218 448 1211 1219 449 1212 1220 583 1213 1221 455 1214 1222 445 1215 1223 588 1216 1224 446 1217 1225 584 1218 1226 598 1219 1227 453 1220 1228 577 1221 1229 586 1222 1230 450 1223 1231 579 1224 1232 584 1225 1233 447 1226 1234 581 1227 1235 481 1228 1236 461 1229 1237 482 1230 1238 386 1231 1239 479 1232 1240 478 1233 1241 484 1234 1242 467 1235 1243 485 1236 1244 474 1237 1245 471 1238 1246 472 1239 1247 459 1240 1248 458 1241 1249 460 1242 1250 478 1243 1251 475 1244 1252 476 1245 1253 476 1246 1254 473 1247 1255 474 1248 1256 388 1249 1257 474 1250 1258 390 1251 1259 490 1252 1260 456 1253 1261 491 1254 1262 470 1255 1263 467 1256 1264 468 1257 1265 404 1258 1266 462 1259 1267 460 1260 1268 402 1261 1269 464 1262 1270 462 1263 1271 390 1264 1272 472 1265 1273 392 1266 1274 487 1267 1275 469 1268 1276 471 1269 1277 400 1270 1278 466 1271 1279 464 1272 1280 467 1273 1281 466 1274 1282 468 1275 1283 461 1276 1284 460 1277 1285 462 1278 1286 472 1279 1287 469 1280 1288 470 1281 1289 463 1282 1290 462 1283 1291 464 1284 1292 482 1285 1293 463 1286 1294 483 1287 1295 392 1288 1296 470 1289 1297 394 1290 1298 487 1291 1299 473 1292 1300 488 1293 1301 384 1294 1302 458 1295 1303 479 1296 1304 406 1297 1305 460 1298 1306 458 1299 1307 399 1300 1308 497 1301 1309 397 1302 1310 457 1303 1311 479 1304 1312 458 1305 1313 480 1306 1314 459 1307 1315 481 1308 1316 483 1309 1317 465 1310 1318 484 1311 1319 396 1312 1320 466 1313 1321 398 1314 1322 479 1315 1323 477 1316 1324 478 1317 1325 490 1318 1326 475 1319 1327 477 1320 1328 394 1321 1329 468 1322 1330 396 1323 1331 486 1324 1332 467 1325 1333 469 1326 1334 465 1327 1335 464 1328 1336 466 1329 1337 480 1330 1338 456 1331 1339 457 1332 1340 386 1333 1341 476 1334 1342 388 1335 1343 440 1336 1344 515 1337 1345 441 1338 1346 393 1339 1347 500 1340 1348 391 1341 1349 405 1342 1350 492 1343 1351 493 1344 1352 489 1345 1353 473 1346 1354 475 1347 1355 399 1348 1356 495 1349 1357 496 1350 1358 393 1351 1359 498 1352 1360 499 1353 1361 389 1354 1362 502 1355 1363 387 1356 1364 387 1357 1365 503 1358 1366 385 1359 1367 403 1360 1368 495 1361 1369 401 1362 1370 395 1363 1371 497 1364 1372 498 1365 1373 391 1366 1374 501 1367 1375 389 1368 1376 403 1369 1377 493 1370 1378 494 1371 1379 434 1372 1380 511 1373 1381 435 1374 1382 437 1375 1383 510 1376 1384 505 1377 1385 443 1378 1386 514 1379 1387 509 1380 1388 437 1381 1389 513 1382 1390 438 1383 1391 407 1384 1392 503 1385 1393 492 1386 1394 433 1387 1395 509 1388 1396 508 1389 1397 432 1390 1398 508 1391 1399 507 1392 1400 438 1393 1401 512 1394 1402 439 1395 1403 442 1396 1404 515 1397 1405 514 1398 1406 432 1399 1407 504 1400 1408 434 1401 1409 439 1402 1410 506 1403 1411 440 1404 1412 436 1405 1413 511 1406 1414 510 1407 1415 429 1408 1416 520 1409 1417 430 1410 1418 422 1411 1419 518 1412 1420 423 1413 1421 426 1414 1422 525 1415 1423 516 1416 1424 429 1417 1425 524 1418 1426 527 1419 1427 420 1420 1428 526 1421 1429 422 1422 1430 431 1423 1431 522 1424 1432 421 1425 1433 425 1426 1434 519 1427 1435 525 1428 1436 428 1429 1437 517 1430 1438 524 1431 1439 421 1432 1440 523 1433 1441 420 1434 1442 430 1435 1443 521 1436 1444 431 1437 1445 424 1438 1446 518 1439 1447 519 1440 1448 427 1441 1449 516 1442 1450 517 1443 1451 200 1444 1452 532 1445 1453 207 1446 1454 537 1447 1455 533 1448 1456 532 1449 1457 201 1450 1458 530 1451 1459 209 1452 1460 539 1453 1461 531 1454 1462 530 1455 1463 202 1456 1464 528 1457 1465 211 1458 1466 551 1459 1467 529 1460 1468 528 1461 1469 203 1462 1470 537 1463 1471 200 1464 1472 541 1465 1473 536 1466 1474 537 1467 1475 204 1468 1476 543 1469 1477 534 1470 1478 534 1471 1479 542 1472 1480 535 1473 1481 201 1474 1482 545 1475 1483 539 1476 1484 539 1477 1485 544 1478 1486 538 1479 1487 208 1480 1488 551 1481 1489 202 1482 1490 547 1483 1491 550 1484 1492 551 1485 1493 203 1486 1494 534 1487 1495 541 1488 1496 541 1489 1497 535 1490 1498 540 1491 1499 205 1492 1500 549 1493 1501 543 1494 1502 543 1495 1503 548 1496 1504 542 1497 1505 206 1498 1506 532 1499 1507 545 1500 1508 545 1501 1509 533 1502 1510 544 1503 1511 209 1504 1512 547 1505 1513 208 1506 1514 530 1507 1515 546 1508 1516 547 1509 1517 210 1510 1518 528 1511 1519 549 1512 1520 549 1513 1521 529 1514 1522 548 1515 1523 360 1516 1524 556 1517 1525 367 1518 1526 561 1519 1527 557 1520 1528 556 1521 1529 361 1522 1530 554 1523 1531 369 1524 1532 563 1525 1533 555 1526 1534 554 1527 1535 362 1528 1536 552 1529 1537 371 1530 1538 575 1531 1539 553 1532 1540 552 1533 1541 363 1534 1542 561 1535 1543 360 1536 1544 565 1537 1545 560 1538 1546 561 1539 1547 364 1540 1548 567 1541 1549 558 1542 1550 558 1543 1551 566 1544 1552 559 1545 1553 361 1546 1554 569 1547 1555 563 1548 1556 563 1549 1557 568 1550 1558 562 1551 1559 368 1552 1560 575 1553 1561 362 1554 1562 571 1555 1563 574 1556 1564 575 1557 1565 363 1558 1566 558 1559 1567 565 1560 1568 565 1561 1569 559 1562 1570 564 1563 1571 365 1564 1572 573 1565 1573 567 1566 1574 567 1567 1575 572 1568 1576 566 1569 1577 366 1570 1578 556 1571 1579 569 1572 1580 569 1573 1581 557 1574 1582 568 1575 1583 369 1576 1584 571 1577 1585 368 1578 1586 554 1579 1587 570 1580 1588 571 1581 1589 370 1582 1590 552 1583 1591 573 1584 1592 573 1585 1593 553 1586 1594 572 1587 1595 504 1588 1596 580 1589 1597 511 1590 1598 585 1591 1599 581 1592 1600 580 1593 1601 505 1594 1602 578 1595 1603 513 1596 1604 587 1597 1605 579 1598 1606 578 1599 1607 506 1600 1608 576 1601 1609 515 1602 1610 599 1603 1611 577 1604 1612 576 1605 1613 507 1606 1614 585 1607 1615 504 1608 1616 589 1609 1617 584 1610 1618 585 1611 1619 508 1612 1620 591 1613 1621 582 1614 1622 582 1615 1623 590 1616 1624 583 1617 1625 505 1618 1626 593 1619 1627 587 1620 1628 587 1621 1629 592 1622 1630 586 1623 1631 512 1624 1632 599 1625 1633 506 1626 1634 595 1627 1635 598 1628 1636 599 1629 1637 507 1630 1638 582 1631 1639 589 1632 1640 589 1633 1641 583 1634 1642 588 1635 1643 509 1636 1644 597 1637 1645 591 1638 1646 591 1639 1647 596 1640 1648 590 1641 1649 510 1642 1650 580 1643 1651 593 1644 1652 593 1645 1653 581 1646 1654 592 1647 1655 513 1648 1656 595 1649 1657 512 1650 1658 578 1651 1659 594 1652 1660 595 1653 1661 514 1654 1662 576 1655 1663 597 1656 1664 597 1657 1665 577 1658 1666 596 1659 1667 50 1660 1668 49 1661 1669 18 1662 1670 24 1663 1671 220 1664 1672 221 1665 1673 54 1666 1674 53 1667 1675 26 1668 1676 50 1669 1677 19 1670 1678 20 1671 1679 54 1672 1680 27 1673 1681 28 1674 1682 60 1675 1683 56 1676 1684 20 1677 1685 62 1678 1686 58 1679 1687 28 1680 1688 60 1681 1689 21 1682 1690 22 1683 1691 62 1684 1692 29 1685 1693 30 1686 1694 64 1687 1695 22 1688 1696 23 1689 1697 66 1690 1698 30 1691 1699 31 1692 1700 72 1693 1701 68 1694 1702 23 1695 1703 75 1696 1704 17 1697 1705 16 1698 1706 75 1699 1707 70 1700 1708 31 1701 1709 72 1702 1710 24 1703 1711 25 1704 1712 49 1705 1713 76 1706 1714 16 1707 1715 53 1708 1716 78 1709 1717 25 1710 1718 1 51 1719 0 51 1720 2 51 1721 2 51 1722 3 51 1723 1 51 1724 3 51 1725 4 51 1726 1 51 1727 4 51 1728 5 51 1729 8 51 1730 5 51 1731 6 51 1732 8 51 1733 6 51 1734 7 51 1735 8 51 1736 8 51 1737 9 51 1738 10 51 1739 10 51 1740 11 51 1741 8 51 1742 11 51 1743 12 51 1744 8 51 1745 12 51 1746 13 51 1747 1 51 1748 13 51 1749 14 51 1750 1 51 1751 14 51 1752 15 51 1753 1 51 1754 1 51 1755 4 51 1756 12 51 1757 1 1711 1758 33 1712 1759 32 1713 1760 2 1714 1761 0 1715 1762 32 1716 1763 2 1717 1764 34 1718 1765 35 1719 1766 4 1720 1767 3 1721 1768 35 1722 1769 4 1723 1770 36 1724 1771 37 1725 1772 6 1726 1773 5 1727 1774 37 1728 1775 6 1729 1776 38 1730 1777 39 1731 1778 8 1732 1779 7 1733 1780 39 1734 1781 8 1735 1782 40 1736 1783 41 1737 1784 10 1738 1785 9 1739 1786 41 1740 1787 10 1741 1788 42 1742 1789 43 1743 1790 12 1744 1791 11 1745 1792 43 1746 1793 12 1747 1794 44 1748 1795 45 1749 1796 14 1750 1797 13 1751 1798 45 1752 1799 14 1753 1800 46 1754 1801 47 1755 1802 1 1756 1803 15 1757 1804 47 1758 1805 41 1759 1806 79 1760 1807 52 1761 1808 79 1762 1809 78 1763 1810 53 1764 1811 32 1765 1812 77 1766 1813 48 1767 1814 77 1768 1815 76 1769 1816 49 1770 1817 40 1771 1818 73 1772 1819 79 1773 1820 73 1774 1821 72 1775 1822 78 1776 1823 47 1777 1824 71 1778 1825 74 1779 1826 74 1780 1827 71 1781 1828 70 1782 1829 33 1783 1830 74 1784 1831 77 1785 1832 74 1786 1833 75 1787 1834 76 1788 1835 39 1789 1836 69 1790 1837 73 1791 1838 73 1792 1839 69 1793 1840 68 1794 1841 46 1795 1842 67 1796 1843 71 1797 1844 71 1798 1845 67 1799 1846 66 1800 1847 38 1801 1848 65 1802 1849 69 1803 1850 69 1804 1851 65 1805 1852 64 1806 1853 45 1807 1854 63 1808 1855 67 1809 1856 63 1810 1857 62 1811 1858 66 1812 1859 37 1813 1860 61 1814 1861 65 1815 1862 61 1816 1863 60 1817 1864 64 1818 1865 44 1819 1866 59 1820 1867 63 1821 1868 63 1822 1869 59 1823 1870 58 1824 1871 36 1825 1872 57 1826 1873 61 1827 1874 61 1828 1875 57 1829 1876 56 1830 1877 43 1831 1878 55 1832 1879 59 1833 1880 55 1834 1881 54 1835 1882 58 1836 1883 35 1837 1884 51 1838 1885 57 1839 1886 51 1840 1887 50 1841 1888 56 1842 1889 42 1843 1890 52 1844 1891 55 1845 1892 55 1846 1893 52 1847 1894 53 1848 1895 34 1849 1896 48 1850 1897 51 1851 1898 51 1852 1899 48 1853 1900 49 1854 1901 187 1855 1902 105 1856 1903 104 1857 1904 186 1858 1905 104 1859 1906 106 1860 1907 106 1861 1908 107 1862 1909 184 1863 1910 184 1864 1911 107 1865 1912 108 1866 1913 108 1867 1914 109 1868 1915 182 1869 1916 109 1870 1917 110 1871 1918 181 1872 1919 181 1873 1920 110 1874 1921 111 1875 1922 180 1876 1923 111 1877 1924 112 1878 1925 112 1879 1926 113 1880 1927 178 1881 1928 178 1882 1929 113 1883 1930 114 1884 1931 95 1885 1932 93 1886 1933 122 1887 1934 114 1888 1935 115 1889 1936 176 1890 1937 176 1891 1938 115 1892 1939 105 1893 1940 102 1894 1941 80 1894 1942 82 1894 1943 82 1894 1944 84 1894 1945 102 1894 1946 84 1894 1947 86 1894 1948 102 1894 1949 86 1894 1950 88 1894 1951 94 1894 1952 88 1894 1953 90 1894 1954 94 1894 1955 90 1894 1956 92 1894 1957 94 1894 1958 94 1895 1959 96 1895 1960 102 1895 1961 96 1894 1962 98 1894 1963 102 1894 1964 98 1894 1965 100 1894 1966 102 1894 1967 198 1896 1968 104 1897 1969 105 1898 1970 197 1899 1971 106 1900 1972 104 1901 1973 196 1902 1974 107 1903 1975 106 1904 1976 195 1905 1977 108 1906 1978 107 1907 1979 194 1908 1980 109 1909 1981 108 1910 1982 194 1911 1983 193 1912 1984 110 1913 1985 192 1914 1986 111 1915 1987 110 1916 1988 192 1917 1989 191 1918 1990 112 1919 1991 190 1920 1992 113 1921 1993 112 1922 1994 190 1923 1995 189 1924 1996 114 1925 1997 189 1926 1998 188 1927 1999 115 1928 2000 188 1929 2001 199 1930 2002 105 1931 2003 229 1932 2004 228 1933 2005 134 1934 2006 87 1935 2007 119 1936 2008 120 1937 2009 103 1938 2010 101 1939 2011 126 1940 2012 83 1941 2013 81 1942 2014 117 1943 2015 97 1944 2016 95 1945 2017 123 1946 2018 89 1947 2019 120 1948 2020 121 1949 2021 81 1950 2022 103 1951 2023 127 1952 2024 83 1953 2025 116 1954 2026 118 1955 2027 99 1956 2028 97 1957 2029 124 1958 2030 91 1959 2031 121 1960 2032 122 1961 2033 85 1962 2034 118 1963 2035 119 1964 2036 101 1965 2037 99 1966 2038 125 1967 2039 548 1968 2040 529 1969 2041 149 1970 2042 231 1971 2043 230 1972 2044 131 1973 2045 232 1974 2046 138 1975 2047 139 1976 2048 234 1977 2049 129 1978 2050 128 1979 2051 236 1980 2052 229 1981 2053 135 1982 2054 237 1983 2055 231 1984 2056 132 1985 2057 233 1986 2058 139 1987 2059 129 1988 2060 235 1989 2061 128 1990 2062 130 1991 2063 239 1992 2064 236 1993 2065 136 1994 2066 228 1995 2067 237 1996 2068 133 1997 2069 238 1998 2070 130 1999 2071 131 2000 2072 239 2001 2073 137 2002 2074 138 2003 2075 142 2004 2076 140 2004 2077 151 2004 2078 140 2005 2079 141 2005 2080 151 2005 2081 151 2006 2082 150 2006 2083 142 2006 2084 150 2006 2085 149 2006 2086 142 2006 2087 149 2007 2088 148 2007 2089 143 2007 2090 142 2006 2091 149 2006 2092 143 2006 2093 148 2008 2094 147 2008 2095 145 2008 2096 147 2009 2097 146 2009 2098 145 2009 2099 145 2006 2100 144 2006 2101 148 2006 2102 531 2010 2103 146 2011 2104 147 2012 2105 544 2013 2106 533 2014 2107 143 2015 2108 542 2016 2109 548 2017 2110 150 2018 2111 540 2019 2112 535 2020 2113 141 2021 2114 546 2022 2115 147 2023 2116 148 2024 2117 538 2025 2118 544 2026 2119 144 2027 2120 535 2028 2121 542 2029 2122 151 2030 2123 540 2031 2124 140 2032 2125 142 2033 2126 550 2034 2127 148 2035 2128 149 2036 2129 538 2037 2130 145 2038 2131 146 2039 2132 536 2040 2133 142 2041 2134 143 2042 2135 177 2043 2136 155 2044 2137 157 2045 2138 80 2046 2139 175 2047 2140 174 2048 2141 181 2049 2142 180 2050 2143 161 2051 2144 170 2052 2145 169 2053 2146 167 2054 2147 155 2055 2148 153 2056 2149 154 2057 2150 174 2058 2151 173 2059 2152 171 2060 2153 172 2061 2154 171 2062 2155 169 2063 2156 84 2064 2157 172 2065 2158 170 2066 2159 187 2067 2160 186 2068 2161 173 2069 2162 166 2070 2163 165 2071 2164 163 2072 2165 100 2073 2166 98 2074 2167 158 2075 2168 98 2076 2169 96 2077 2170 160 2078 2171 86 2079 2172 170 2080 2173 168 2081 2174 183 2082 2175 182 2083 2176 165 2084 2177 96 2085 2178 94 2086 2179 162 2087 2180 163 2088 2181 161 2089 2182 162 2090 2183 157 2091 2184 155 2092 2185 156 2093 2186 168 2094 2187 167 2095 2188 165 2096 2189 159 2097 2190 157 2098 2191 158 2099 2192 178 2100 2193 157 2101 2194 159 2102 2195 88 2103 2196 168 2104 2197 166 2105 2198 184 2106 2199 183 2107 2200 167 2108 2201 80 2109 2202 102 2110 2203 154 2111 2204 102 2112 2205 100 2113 2206 156 2114 2207 95 2115 2208 192 2116 2209 193 2117 2210 153 2118 2211 152 2119 2212 175 2120 2213 176 2121 2214 153 2122 2215 155 2123 2216 179 2124 2217 159 2125 2218 161 2126 2219 92 2127 2220 164 2128 2221 162 2129 2222 175 2130 2223 152 2131 2224 173 2132 2225 186 2133 2226 185 2134 2227 171 2135 2228 90 2136 2229 166 2137 2230 164 2138 2231 181 2139 2232 163 2140 2233 165 2141 2234 161 2142 2235 159 2143 2236 160 2144 2237 187 2145 2238 152 2146 2239 153 2147 2240 82 2148 2241 174 2149 2242 172 2150 2243 136 2151 2244 202 2152 2245 211 2153 2246 87 2154 2247 89 2155 2248 195 2156 2249 101 2157 2250 103 2158 2251 188 2159 2252 185 2160 2253 184 2161 2254 169 2162 2255 95 2163 2256 97 2164 2257 191 2165 2258 89 2166 2259 91 2167 2260 194 2168 2261 85 2169 2262 197 2170 2263 198 2171 2264 83 2172 2265 198 2173 2266 199 2174 2267 99 2175 2268 190 2176 2269 191 2177 2270 91 2178 2271 93 2179 2272 193 2180 2273 87 2181 2274 196 2182 2275 197 2183 2276 99 2184 2277 101 2185 2278 189 2186 2279 130 2187 2280 200 2188 2281 207 2189 2282 133 2190 2283 132 2191 2284 206 2192 2285 139 2193 2286 138 2194 2287 210 2195 2288 133 2196 2289 201 2197 2290 209 2198 2291 81 2199 2292 199 2200 2293 188 2201 2294 129 2202 2295 139 2203 2296 205 2204 2297 128 2205 2298 129 2206 2299 204 2207 2300 134 2208 2301 209 2209 2302 208 2210 2303 138 2211 2304 137 2212 2305 211 2213 2306 128 2214 2307 203 2215 2308 200 2216 2309 135 2217 2310 208 2218 2311 202 2219 2312 132 2220 2313 131 2221 2314 207 2222 2315 214 558 2316 212 558 2317 213 558 2318 213 558 2319 227 558 2320 226 558 2321 226 2223 2322 225 2223 2323 224 2223 2324 224 2224 2325 223 2224 2326 226 2224 2327 223 558 2328 222 558 2329 226 558 2330 222 558 2331 221 558 2332 220 558 2333 220 558 2334 219 558 2335 218 558 2336 218 558 2337 217 558 2338 214 558 2339 217 2225 2340 216 2225 2341 214 2225 2342 216 2223 2343 215 2223 2344 214 2223 2345 214 558 2346 213 558 2347 222 558 2348 213 558 2349 226 558 2350 222 558 2351 222 558 2352 220 558 2353 214 558 2354 18 2226 2355 16 2227 2356 212 2228 2357 26 2229 2358 25 2230 2359 221 2231 2360 19 2232 2361 18 2233 2362 214 2234 2363 27 2235 2364 26 2236 2365 222 2237 2366 19 2238 2367 215 2239 2368 216 2240 2369 27 2241 2370 223 2242 2371 224 2243 2372 21 2244 2373 20 2245 2374 216 2246 2375 29 2247 2376 28 2248 2377 224 2249 2378 21 2250 2379 217 2251 2380 218 2252 2381 29 2253 2382 225 2254 2383 226 2255 2384 22 2256 2385 218 2257 2386 219 2258 2387 30 2259 2388 226 2260 2389 227 2261 2390 24 2262 2391 23 2263 2392 219 2264 2393 17 2265 2394 213 2266 2395 212 2267 2396 17 2268 2397 31 2269 2398 227 2270 2399 125 2271 2400 239 2272 2401 232 2273 2402 118 2274 2403 238 2275 2404 230 2276 2405 122 2277 2406 121 2278 2407 237 2279 2408 125 2280 2409 124 2281 2410 236 2282 2411 116 2283 2412 235 2284 2413 238 2285 2414 127 2286 2415 233 2287 2416 234 2288 2417 121 2289 2418 120 2290 2419 231 2291 2420 124 2292 2421 123 2293 2422 229 2294 2423 117 2295 2424 234 2296 2425 235 2297 2426 126 2298 2427 232 2299 2428 233 2300 2429 120 2301 2430 119 2302 2431 230 2303 2432 123 2304 2433 122 2305 2434 228 2306 2435 347 2307 2436 265 2308 2437 264 2309 2438 346 2310 2439 264 2311 2440 266 2312 2441 266 2313 2442 267 2314 2443 344 2315 2444 344 2316 2445 267 2317 2446 268 2318 2447 268 2319 2448 269 2320 2449 342 2321 2450 342 2322 2451 269 2323 2452 270 2324 2453 341 2325 2454 270 2326 2455 271 2327 2456 271 2328 2457 272 2329 2458 339 2330 2459 272 2331 2460 273 2332 2461 338 2333 2462 273 2334 2463 274 2335 2464 337 2336 2465 255 2337 2466 253 2338 2467 282 2339 2468 337 2340 2469 274 2341 2470 275 2342 2471 336 2343 2472 275 2344 2473 265 2345 2474 262 2346 2475 240 2347 2476 242 2348 2477 242 2349 2478 244 2350 2479 262 2351 2480 244 2352 2481 246 2353 2482 262 2354 2483 246 2355 2484 248 2356 2485 250 2357 2486 250 2358 2487 252 2359 2488 246 2360 2489 252 2361 2490 254 2362 2491 246 2363 2492 254 2364 2493 256 2365 2494 262 2366 2495 256 2367 2496 258 2368 2497 262 2369 2498 258 2370 2499 260 2371 2500 262 2372 2501 358 2373 2502 264 2374 2503 265 2375 2504 358 2376 2505 357 2377 2506 266 2378 2507 356 2379 2508 267 2380 2509 266 2381 2510 355 2382 2511 268 2383 2512 267 2384 2513 354 2385 2514 269 2386 2515 268 2387 2516 354 2388 2517 353 2389 2518 270 2390 2519 353 2391 2520 352 2392 2521 271 2393 2522 352 2394 2523 351 2395 2524 272 2396 2525 350 2397 2526 273 2398 2527 272 2399 2528 350 2400 2529 349 2401 2530 274 2402 2531 348 2403 2532 275 2404 2533 274 2405 2534 359 2406 2535 265 2407 2536 275 2408 2537 373 2409 2538 372 2410 2539 294 2411 2540 247 2412 2541 279 2413 2542 280 2414 2543 263 2415 2544 261 2416 2545 286 2417 2546 243 2418 2547 241 2419 2548 277 2420 2549 257 2421 2550 255 2422 2551 283 2423 2552 249 2424 2553 280 2425 2554 281 2426 2555 241 2427 2556 263 2428 2557 287 2429 2558 243 2430 2559 276 2431 2560 278 2432 2561 259 2433 2562 257 2434 2563 284 2435 2564 251 2436 2565 281 2437 2566 282 2438 2567 245 2439 2568 278 2440 2569 279 2441 2570 261 2442 2571 259 2443 2572 285 2444 2573 572 2445 2574 553 2446 2575 309 2447 2576 375 2448 2577 374 2449 2578 291 2450 2579 376 2451 2580 298 2452 2581 299 2453 2582 378 2454 2583 289 2455 2584 288 2456 2585 380 2457 2586 373 2458 2587 295 2459 2588 381 2460 2589 375 2461 2590 292 2462 2591 377 2463 2592 299 2464 2593 289 2465 2594 379 2466 2595 288 2467 2596 290 2468 2597 383 2469 2598 380 2470 2599 296 2471 2600 372 2472 2601 381 2473 2602 293 2474 2603 382 2475 2604 290 2476 2605 291 2477 2606 383 2478 2607 297 2479 2608 298 2480 2609 302 2481 2610 300 2482 2611 310 2483 2612 300 2484 2613 301 2485 2614 311 2486 2615 310 2487 2616 300 2488 2617 311 2489 2618 310 2490 2619 309 2491 2620 303 2492 2621 309 2493 2622 308 2494 2623 304 2495 2624 308 2496 2625 307 2497 2626 304 2498 2627 307 2499 2628 306 2500 2629 305 2501 2630 304 2502 2631 307 2503 2632 305 2504 2633 304 2505 2634 303 2506 2635 309 2507 2636 555 2508 2637 306 2509 2638 307 2510 2639 568 2511 2640 557 2512 2641 303 2513 2642 566 2514 2643 572 2515 2644 310 2516 2645 564 2517 2646 559 2518 2647 301 2519 2648 570 2520 2649 307 2521 2650 308 2522 2651 562 2523 2652 568 2524 2653 304 2525 2654 559 2526 2655 566 2527 2656 311 2528 2657 564 2529 2658 300 2530 2659 302 2531 2660 574 2532 2661 308 2533 2662 309 2534 2663 562 2535 2664 305 2536 2665 306 2537 2666 560 2538 2667 302 2539 2668 303 2540 2669 337 2541 2670 315 2542 2671 317 2543 2672 242 2544 2673 240 2545 2674 335 2546 2675 340 2547 2676 321 2548 2677 323 2549 2678 330 2550 2679 329 2551 2680 327 2552 2681 315 2553 2682 313 2554 2683 314 2555 2684 334 2556 2685 333 2557 2686 331 2558 2687 332 2559 2688 331 2560 2689 329 2561 2690 244 2562 2691 332 2563 2692 330 2564 2693 347 2565 2694 346 2566 2695 333 2567 2696 326 2568 2697 325 2569 2698 323 2570 2699 260 2571 2700 258 2572 2701 318 2573 2702 258 2574 2703 256 2575 2704 320 2576 2705 246 2577 2706 330 2578 2707 328 2579 2708 343 2580 2709 342 2581 2710 325 2582 2711 254 2583 2712 322 2584 2713 320 2585 2714 323 2586 2715 321 2587 2716 322 2588 2717 317 2589 2718 315 2590 2719 316 2591 2720 328 2592 2721 327 2593 2722 325 2594 2723 319 2595 2724 317 2596 2725 318 2597 2726 338 2598 2727 317 2599 2728 319 2600 2729 248 2601 2730 328 2602 2731 326 2603 2732 344 2604 2733 343 2605 2734 327 2606 2735 240 2607 2736 262 2608 2737 314 2609 2738 262 2610 2739 260 2611 2740 316 2612 2741 255 2613 2742 352 2614 2743 353 2615 2744 313 2616 2745 312 2617 2746 335 2618 2747 337 2619 2748 336 2620 2749 313 2621 2750 339 2622 2751 319 2623 2752 321 2624 2753 252 2625 2754 324 2626 2755 322 2627 2756 335 2628 2757 312 2629 2758 333 2630 2759 346 2631 2760 345 2632 2761 331 2633 2762 250 2634 2763 326 2635 2764 324 2636 2765 342 2637 2766 341 2638 2767 323 2639 2768 321 2640 2769 319 2641 2770 320 2642 2771 336 2643 2772 347 2644 2773 312 2645 2774 242 2646 2775 334 2647 2776 332 2648 2777 296 2649 2778 362 2650 2779 371 2651 2780 247 2652 2781 249 2653 2782 355 2654 2783 261 2655 2784 263 2656 2785 348 2657 2786 345 2658 2787 344 2659 2788 329 2660 2789 255 2661 2790 257 2662 2791 351 2663 2792 249 2664 2793 251 2665 2794 354 2666 2795 245 2667 2796 357 2668 2797 358 2669 2798 243 2670 2799 358 2671 2800 359 2672 2801 259 2673 2802 350 2674 2803 351 2675 2804 251 2676 2805 253 2677 2806 353 2678 2807 245 2679 2808 247 2680 2809 356 2681 2810 259 2682 2811 261 2683 2812 349 2684 2813 290 2685 2814 360 2686 2815 367 2687 2816 293 2688 2817 292 2689 2818 366 2690 2819 299 2691 2820 298 2692 2821 370 2693 2822 293 2694 2823 361 2695 2824 369 2696 2825 241 2697 2826 359 2698 2827 348 2699 2828 289 2700 2829 299 2701 2830 365 2702 2831 288 2703 2832 289 2704 2833 364 2705 2834 294 2706 2835 369 2707 2836 368 2708 2837 298 2709 2838 297 2710 2839 371 2711 2840 288 2712 2841 363 2713 2842 360 2714 2843 295 2715 2844 368 2716 2845 362 2717 2846 292 2718 2847 291 2719 2848 367 2720 2849 285 2721 2850 383 2722 2851 376 2723 2852 278 2724 2853 382 2725 2854 374 2726 2855 282 2727 2856 281 2728 2857 381 2729 2858 285 2730 2859 284 2731 2860 380 2732 2861 276 2733 2862 379 2734 2863 382 2735 2864 287 2736 2865 377 2737 2866 378 2738 2867 281 2739 2868 280 2740 2869 375 2741 2870 284 2742 2871 283 2743 2872 373 2744 2873 277 2745 2874 378 2746 2875 379 2747 2876 286 2748 2877 376 2749 2878 377 2750 2879 280 2751 2880 279 2752 2881 374 2753 2882 283 2754 2883 282 2755 2884 372 2756 2885 491 2757 2886 409 2758 2887 408 2759 2888 490 2760 2889 408 2761 2890 410 2762 2891 489 2763 2892 410 2764 2893 411 2765 2894 488 2766 2895 411 2767 2896 412 2768 2897 412 2769 2898 413 2770 2899 486 2771 2900 486 2772 2901 413 2773 2902 414 2774 2903 485 2775 2904 414 2776 2905 415 2777 2906 484 2778 2907 415 2779 2908 416 2780 2909 416 2781 2910 417 2782 2911 482 2783 2912 417 2784 2913 418 2785 2914 481 2786 2915 399 2787 2916 397 2788 2917 426 2789 2918 418 2790 2919 419 2791 2920 480 2792 2921 419 2793 2922 409 2794 2923 491 2795 2924 406 2796 2925 384 2797 2926 386 2798 2927 386 2799 2928 388 2800 2929 406 2801 2930 388 2802 2931 390 2803 2932 406 2804 2933 390 2805 2934 392 2806 2935 394 2807 2936 394 2808 2937 396 2809 2938 390 2810 2939 396 2811 2940 398 2812 2941 390 2813 2942 398 2814 2943 400 2815 2944 406 2816 2945 400 2817 2946 402 2818 2947 406 2819 2948 402 2820 2949 404 2821 2950 406 2822 2951 502 2823 2952 408 2824 2953 409 2825 2954 501 2826 2955 410 2827 2956 408 2828 2957 501 2829 2958 500 2830 2959 411 2831 2960 499 2832 2961 412 2833 2962 411 2834 2963 498 2835 2964 413 2836 2965 412 2837 2966 498 2838 2967 497 2839 2968 414 2840 2969 496 2841 2970 415 2842 2971 414 2843 2972 496 2844 2973 495 2845 2974 416 2846 2975 494 2847 2976 417 2848 2977 416 2849 2978 494 2850 2979 493 2851 2980 418 2852 2981 492 2853 2982 419 2854 2983 418 2855 2984 503 2856 2985 409 2857 2986 419 2858 2987 517 2859 2988 516 2860 2989 438 2861 2990 391 2862 2991 423 2863 2992 424 2864 2993 407 2865 2994 405 2866 2995 430 2867 2996 387 2868 2997 385 2869 2998 421 2870 2999 401 2871 3000 399 2872 3001 427 2873 3002 393 2874 3003 424 2875 3004 425 2876 3005 385 2877 3006 407 2878 3007 431 2879 3008 387 2880 3009 420 2881 3010 422 2882 3011 403 2883 3012 401 2884 3013 428 2885 3014 395 2886 3015 425 2887 3016 426 2888 3017 389 2889 3018 422 2890 3019 423 2891 3020 405 2892 3021 403 2893 3022 429 2894 3023 596 2895 3024 577 2896 3025 453 2897 3026 519 2898 3027 518 2899 3028 435 2900 3029 520 2901 3030 442 2902 3031 443 2903 3032 522 2904 3033 433 2905 3034 432 2906 3035 524 2907 3036 517 2908 3037 439 2909 3038 525 2910 3039 519 2911 3040 436 2912 3041 521 2913 3042 443 2914 3043 433 2915 3044 523 2916 3045 432 2917 3046 434 2918 3047 527 2919 3048 524 2920 3049 440 2921 3050 516 2922 3051 525 2923 3052 437 2924 3053 526 2925 3054 434 2926 3055 435 2927 3056 527 2928 3057 441 2929 3058 442 2930 3059 446 2931 3060 444 2932 3061 455 2933 3062 444 2934 3063 445 2935 3064 455 2936 3065 455 2937 3066 454 2938 3067 446 2939 3068 454 2940 3069 453 2941 3070 446 2942 3071 453 2943 3072 452 2944 3073 447 2945 3074 446 2946 3075 453 2947 3076 447 2948 3077 452 2949 3078 451 2950 3079 448 2951 3080 451 2952 3081 450 2953 3082 449 2954 3083 448 2955 3084 451 2956 3085 449 2957 3086 579 2958 3087 450 2959 3088 451 2960 3089 592 2961 3090 581 2962 3091 447 2963 3092 590 2964 3093 596 2965 3094 454 2966 3095 588 2967 3096 583 2968 3097 445 2969 3098 594 2970 3099 451 2971 3100 452 2972 3101 586 2973 3102 592 2974 3103 448 2975 3104 583 2976 3105 590 2977 3106 455 2978 3107 588 2979 3108 444 2980 3109 446 2981 3110 598 2982 3111 452 2983 3112 453 2984 3113 586 2985 3114 449 2986 3115 450 2987 3116 584 2988 3117 446 2989 3118 447 2990 3119 481 2991 3120 459 2992 3121 461 2993 3122 386 2994 3123 384 2995 3124 479 2996 3125 484 2997 3126 465 2998 3127 467 2999 3128 474 3000 3129 473 3001 3130 471 3002 3131 459 3003 3132 457 3004 3133 458 3005 3134 478 3006 3135 477 3007 3136 475 3008 3137 476 3009 3138 475 3010 3139 473 3011 3140 388 3012 3141 476 3013 3142 474 3014 3143 490 3015 3144 477 3016 3145 456 3017 3146 470 3018 3147 469 3019 3148 467 3020 3149 404 3021 3150 402 3022 3151 462 3023 3152 402 3024 3153 400 3025 3154 464 3026 3155 390 3027 3156 474 3028 3157 472 3029 3158 487 3030 3159 486 3031 3160 469 3032 3161 400 3033 3162 398 3034 3163 466 3035 3164 467 3036 3165 465 3037 3166 466 3038 3167 461 3039 3168 459 3040 3169 460 3041 3170 472 3042 3171 471 3043 3172 469 3044 3173 463 3045 3174 461 3046 3175 462 3047 3176 482 3048 3177 461 3049 3178 463 3050 3179 392 3051 3180 472 3052 3181 470 3053 3182 487 3054 3183 471 3055 3184 473 3056 3185 384 3057 3186 406 3058 3187 458 3059 3188 406 3060 3189 404 3061 3190 460 3062 3191 399 3063 3192 496 3064 3193 497 3065 3194 457 3066 3195 456 3067 3196 479 3068 3197 480 3069 3198 457 3070 3199 459 3071 3200 483 3072 3201 463 3073 3202 465 3074 3203 396 3075 3204 468 3076 3205 466 3077 3206 479 3078 3207 456 3079 3208 477 3080 3209 490 3081 3210 489 3082 3211 475 3083 3212 394 3084 3213 470 3085 3214 468 3086 3215 486 3087 3216 485 3088 3217 467 3089 3218 465 3090 3219 463 3091 3220 464 3092 3221 480 3093 3222 491 3094 3223 456 3095 3224 386 3096 3225 478 3097 3226 476 3098 3227 440 3099 3228 506 3100 3229 515 3101 3230 393 3102 3231 499 3103 3232 500 3104 3233 405 3105 3234 407 3106 3235 492 3107 3236 489 3108 3237 488 3109 3238 473 3110 3239 399 3111 3240 401 3112 3241 495 3113 3242 393 3114 3243 395 3115 3244 498 3116 3245 389 3117 3246 501 3118 3247 502 3119 3248 387 3120 3249 502 3121 3250 503 3122 3251 403 3123 3252 494 3124 3253 495 3125 3254 395 3126 3255 397 3127 3256 497 3128 3257 391 3129 3258 500 3130 3259 501 3131 3260 403 3132 3261 405 3133 3262 493 3134 3263 434 3135 3264 504 3136 3265 511 3137 3266 437 3138 3267 436 3139 3268 510 3140 3269 443 3141 3270 442 3142 3271 514 3143 3272 437 3144 3273 505 3145 3274 513 3146 3275 407 3147 3276 385 3148 3277 503 3149 3278 433 3150 3279 443 3151 3280 509 3152 3281 432 3153 3282 433 3154 3283 508 3155 3284 438 3156 3285 513 3157 3286 512 3158 3287 442 3159 3288 441 3160 3289 515 3161 3290 432 3162 3291 507 3163 3292 504 3164 3293 439 3165 3294 512 3166 3295 506 3167 3296 436 3168 3297 435 3169 3298 511 3170 3299 429 3171 3300 527 3172 3301 520 3173 3302 422 3174 3303 526 3175 3304 518 3176 3305 426 3177 3306 425 3178 3307 525 3179 3308 429 3180 3309 428 3181 3310 524 3182 3311 420 3183 3312 523 3184 3313 526 3185 3314 431 3186 3315 521 3187 3316 522 3188 3317 425 3189 3318 424 3190 3319 519 3191 3320 428 3192 3321 427 3193 3322 517 3194 3323 421 3195 3324 522 3196 3325 523 3197 3326 430 3198 3327 520 3199 3328 521 3200 3329 424 3201 3330 423 3202 3331 518 3203 3332 427 3204 3333 426 3205 3334 516 3206 3335 200 3207 3336 537 3208 3337 532 3209 3338 537 3210 3339 536 3211 3340 533 3212 3341 201 3213 3342 539 3214 3343 530 3215 3344 539 3216 3345 538 3217 3346 531 3218 3347 202 3219 3348 551 3220 3349 528 3221 3350 551 3222 3351 550 3223 3352 529 3224 3353 203 3225 3354 541 3226 3355 537 3227 3356 541 3228 3357 540 3229 3358 536 3230 3359 204 3231 3360 205 3232 3361 543 3233 3362 534 3234 3363 543 3235 3364 542 3236 3365 201 3237 3366 206 3238 3367 545 3239 3368 539 3240 3369 545 3241 3370 544 3242 3371 208 3243 3372 547 3244 3373 551 3245 3374 547 3246 3375 546 3247 3376 550 3248 3377 203 3249 3378 204 3250 3379 534 3251 3380 541 3252 3381 534 3253 3382 535 3254 3383 205 3255 3384 210 3256 3385 549 3257 3386 543 3258 3387 549 3259 3388 548 3260 3389 206 3261 3390 207 3262 3391 532 3263 3392 545 3264 3393 532 3265 3394 533 3266 3395 209 3267 3396 530 3268 3397 547 3269 3398 530 3270 3399 531 3271 3400 546 3272 3401 210 3273 3402 211 3274 3403 528 3275 3404 549 3276 3405 528 3277 3406 529 3278 3407 360 3279 3408 561 3280 3409 556 3281 3410 561 3282 3411 560 3283 3412 557 3284 3413 361 3285 3414 563 3286 3415 554 3287 3416 563 3288 3417 562 3289 3418 555 3290 3419 362 3291 3420 575 3292 3421 552 3293 3422 575 3294 3423 574 3295 3424 553 3296 3425 363 3297 3426 565 3298 3427 561 3299 3428 565 3300 3429 564 3301 3430 560 3302 3431 364 3303 3432 365 3304 3433 567 3305 3434 558 3306 3435 567 3307 3436 566 3308 3437 361 3309 3438 366 3310 3439 569 3311 3440 563 3312 3441 569 3313 3442 568 3314 3443 368 3315 3444 571 3316 3445 575 3317 3446 571 3318 3447 570 3319 3448 574 3320 3449 363 3321 3450 364 3322 3451 558 3323 3452 565 3324 3453 558 3325 3454 559 3326 3455 365 3327 3456 370 3328 3457 573 3329 3458 567 3330 3459 573 3331 3460 572 3332 3461 366 3333 3462 367 3334 3463 556 3335 3464 569 3336 3465 556 3337 3466 557 3338 3467 369 3339 3468 554 3340 3469 571 3341 3470 554 3342 3471 555 3343 3472 570 3344 3473 370 3345 3474 371 3346 3475 552 3347 3476 573 3348 3477 552 3349 3478 553 3350 3479 504 3351 3480 585 3352 3481 580 3353 3482 585 3354 3483 584 3355 3484 581 3356 3485 505 3357 3486 587 3358 3487 578 3359 3488 587 3360 3489 586 3361 3490 579 3362 3491 506 3363 3492 599 3364 3493 576 3365 3494 599 3366 3495 598 3367 3496 577 3368 3497 507 3369 3498 589 3370 3499 585 3371 3500 589 3372 3501 588 3373 3502 584 3374 3503 508 3375 3504 509 3376 3505 591 3377 3506 582 3378 3507 591 3379 3508 590 3380 3509 505 3381 3510 510 3382 3511 593 3383 3512 587 3384 3513 593 3385 3514 592 3386 3515 512 3387 3516 595 3388 3517 599 3389 3518 595 3390 3519 594 3391 3520 598 3392 3521 507 3393 3522 508 3394 3523 582 3395 3524 589 3396 3525 582 3397 3526 583 3398 3527 509 3399 3528 514 3400 3529 597 3401 3530 591 3402 3531 597 3403 3532 596 3404 3533 510 3405 3534 511 3406 3535 580 3407 3536 593 3408 3537 580 3409 3538 581 3410 3539 513 3411 3540 578 3412 3541 595 3413 3542 578 3414 3543 579 3415 3544 594 3416 3545 514 3417 3546 515 3418 3547 576 3419 3548 597 3420 3549 576 3421 3550 577 3422 3551</p>
        </triangles>
      </mesh>
    </geometry>
  </library_geometries>
  <library_visual_scenes>
    <visual_scene id="Scene" name="Scene">
      <node id="Cylinder_001" name="Cylinder.001" type="NODE">
        <matrix sid="transform">1 0 0 0 0 1 0 0 0 0 1 0 0 0 0 1</matrix>
        <instance_geometry url="#Cylinder_001-mesh" name="Cylinder.001">
          <bind_material>
            <technique_common>
              <instance_material symbol="Plastic010_1K_Displacement-material" target="#Plastic010_1K_Displacement-material">
                <bind_vertex_input semantic="Cylinder.001-mesh-texcoord" input_semantic="TEXCOORD" input_set="0"/>
              </instance_material>
            </technique_common>
          </bind_material>
        </instance_geometry>
      </node>
    </visual_scene>
  </library_visual_scenes>
  <scene>
    <instance_visual_scene url="#Scene"/>
  </scene>
</COLLADA>